product_name;barcode;url;url_1;url_2;url_3;url_4;url_5
SİLK DREYER 70X90;8809432671480;https://gyeonusa.com/products/q-m-silk-dryer-evo?srsltid=AfmBOorrOelJHo839wZFxfMnPXBgXS7mJ3htZTYqSyNGgAC3yuMC7yvt,https://mtskimya.com/aksesuar/mikrofiber-urunler/kurulama-havlulari/prd-gyeon-q-m-silkdryer-evo-inovatif-kurulama-havlusu-70x90-cm;https://mtskimya.com/aksesuar/mikrofiber-urunler/kurulama-havlulari/prd-gyeon-q-m-silkdryer-evo-inovatif-kurulama-havlusu-70x90-cm;;;;
Menzerna One Step Polish 3in1 Hepsi Bir Arada Pasta Cila 250ml;22748.281.001;https://www.menzerna.com/car-care/car-polish/products/details/one-step-polish-3in1;https://www.cadetailing.co.uk/products/menzerna-one-step-polish-3in1;https://www.carcare24.eu/en/menzerna-one-step-polish-3-in-1-250ml.html;;;
Gyeon Q²m Ppf Wash Ppf Folyo Kaplı Araçlara Özel Yıkama Şampuanı - 500 ml -Demir Tozu Sökücü;Q2M-PPFW500M;https://autolab.bg/en/product/3892/gyeon-q2m-ppf-wash-500ml.html;https://gyeon.de/GYEON-QM-PPF-Wash-500-ml;https://carzilla.ca/products/gyeon-ppf-wash-400ml;https://www.carcareproducts.com.au/products/gyeon-q2m-ppf-wash-500ml;https://www.justcarcare.co.uk/products/gyeon-q2m-ppf-wash;https://thecleangarage.uk/gyeon-q2m-ppf-wash-500ml-cleans-decontaminates-ppf-vinyl/
Gyeon Q²m Bathe+ Plus Seramik Bazlı Ph Nötr Cilalı Oto Şampuanı 500 ml -Su Itici Araç Yıkama;Q2M-BPYA500M;https://www.carsupplieswarehouse.com/products/gyeon-bathe-q2m;https://www.detailstore.com.au/products/gyeon-q2m-bathe-hydrophobic-wash-500ml;https://www.carcareproducts.com.au/products/gyeon-q2m-bathe-500ml-101;https://carzilla.ca/products/gyeon-q2m-bathe-coating-shampoo-1000ml;https://detailing.com/products/gyeon-q-m-bathe-500-ml-1;https://www.detailedimage.com/Gyeon-M91/Bathe-P1422/400-ml-S1/
Gyeon Q²m Smoothie Evo Mikrofiber Araç Yıkama Eldiveni;Q2M-STE;https://www.mycarcleaning.co.uk/products/gyeon-q2m-smoothie-evo-microfiber-wash-mitt;https://clean-garage.com/gyeon-smoothie-evo-microfiber-wash-mitt-1250-gsm/;https://carzilla.ca/products/gyeon-q2m-smoothie-evo;https://www.cleanandshiny.co.uk/products/gyeon-q2m-smoothie-microfiber-wash-mitt;https://detailing.com/products/gyeon-q2m-smoothie-wash-mitt;https://gyeon.co/product/smoothie-evo/
Gyeon Q²m SilkDryer Evo Inovatif Kurulama Havlusu - 70X90 cm;Q2M-SDE7090C;https://gyeon.co/product/silkdryer-evo/;https://www.gsfcarparts.com/products/q-m-silkdryer-evo-70x90-cm-brngside70;https://www.carclean.com/en/gyeon-qm-silkdryer-evo-drying-towel-70x90cm.html;https://autojoy.shop/products/gy-q2m-silkdryer;https://www.in2detailing.co.uk/products/gyeon-q2m-silkdryer-evo-70x90-cm?variant=40716336463951;https://carzilla.ca/products/gyeon-q2m-silkdryer-evo
Gyeon Tire Applicator Lastik Parlatıcı Sünger Büyük Boy 2'li Paket;Q2M-TA2P;https://gyeon.co/product/tire-applicator/;https://www.detailingexpress.com.tr/urun/gyeon-q%C2%B2m-tire-applicator-lastik-parlatici-sunger-buyuk-boy-2li-paket/;https://www.gsfcarparts.com/products/q-m-tire-applicator-large-pack-of-2-brngtialrg2;https://www.birklean.co.uk/products/gyeon-q2m-tire-applicator-2-pack;https://carzilla.ca/products/gyeon-q-m-tire-applicators;https://www.carcareproducts.com.au/products/gyeon-q2m-tire-applicator-small-2-pack
Gyeon Q2M Waffle Dryer Kurulama Bezi 40 x 60 cm;Q2M-WD4060C;https://www.carclean.com/nl/gyeon-q2m-waffledryer-evo-40x60cm.html;https://carzilla.ca/products/gyeon-q2m-waffle-dryer-40x60cm;https://www.shopnshine.co.uk/products/gyeon-q2m-waffle-dryer-various-sizes;https://www.cleanyourcar.co.uk/gyeon-q-m-waffle-dryer;https://www.cleanandshiny.co.uk/products/gyeon-q2m-waffle-dryer-towel-40cm-x-60cm;https://shinecosupply.ca/products/gyeon-q2m-waffle-dryer
Gyeon Q²m Ppf Maintain Redefined Ppf Folyo Bakım ve Koruma Cilası - 500 ml -Seramik Sprey Wax;Q2M-PPFMR500M;https://www.detailedimage.com/Gyeon-M91/PPF-Maintain-P3095/400-ml-S1/;https://carzilla.ca/products/gyeon-q2m-ppf-maintain-redefined;https://www.carcareproducts.com.au/products/gyeon-q2m-ppf-maintain-redefined-500ml;https://thecleangarage.uk/gyeon-q2m-ppf-maintain-redefined-500ml-sio2-spray-for-film-vinyl/;https://www.cleanandshiny.co.uk/products/q2m-ppf-maintain-400-ml;https://www.mycarcleaning.co.uk/products/gyeon-q2m-ppf-maintain-400ml
Gyeon Q²m Wetcoat Nano Boya Koruma ve Seramik Sprey Hızlı Cila - 1000 ml -Su Itici Parlak Islak C;Q2M-WYA1000M;https://gyeon.co/product/wetcoat/;https://mrcleaner.pl/en/synthetic-waxes-and-sealants/gyeon-q2m-wetcoat-1l;https://www.cleanyourcar.co.uk/gyeon-q2m-wet-coat;https://www.theultimatefinish.co.uk/products/gyeon-q2m-wet-coat.aspx;https://www.in2detailing.co.uk/products/gyeon-q2m-wet-coat?variant=39414736552015;https://www.mycarcleaning.co.uk/products/gyeon-q2m-wet-coat
IK FOAM PRO 2 KÖPÜK Yapıcı Kimyasal Dayanımlı Basınçlı Pompa 2 Litre;81676;https://www.iksprayers.com/en/ik-foam-pro-2-81676.html;https://thecleangarage.uk/ik-foam-pro-2-alk-blue-hand-pump-foamer-alkaline-liquids/;https://www.theultimatefinish.co.uk/products/ik-sprayers-ik-foam-pro-2-plus.aspx;https://www.diy.com/departments/matabi-81676-ik-foam-pro-2-handheld-sprayer-1-9-litre-mtb81676/8414685102089_BQ.prd;;
Gyeon Q²m Silkdryer Evo Inovatif Kurulama Havlusu -50X55;Q2M-SDE5055C;https://gyeon.de/GYEON-QM-SilkDryer-EVO-50-cm-55-cm;https://themicrofibershop.com/products/gyeon-q-m-silk-dryer-evo-50x55-cm;;;;
Gyeon Q²m Iron Demir Tozu, Balata Tozu Temizleyici ve Pas Sökücü Ph Nötr - 500 ml;Q2M-IR500M;https://gyeon.de/GYEON-Q2M-Iron-WheelCleaner-REDEFINED-carcare;https://www.detailedimage.com/Gyeon-M91/Iron-P1419/500-ml-S1/;https://www.detailedimage.com/Gyeon-M91/Iron-P1419/500-ml-S1/;https://www.autogeek.net/gyeon-iron-500.html;https://www.detailstore.com.au/products/gyeon-q2m-iron-500ml;
Gyeon Q²m Foam Araç Ön Yıkama Şampuanı Konsantre - 1000 ml - Yoğun Köpüklü Prewash Snow Foam;Q2M-FYA1000M;https://gyeonusa.com/products/q2m-foam;https://clean-garage.com/gyeon-q2m-foam-1-liter-effective-pre-wash-foaming-soap-1000ml/;https://www.carcareproducts.com.au/products/gyeon-q2m-snow-foam-1l;;;
Gyeon Q²m Bathe Ph Nötr Cilalı Oto Şampuanı - 500 ml -Yüksek Konsantre Jel Araç Yıkama Köpük;Q2M-BYA500M;https://thecleangarage.uk/gyeon-q2m-bathe-1-liter-ph-neutral-car-wash-shampoo-1000ml/;https://esotericcarcare.com/products/gyeon-q2m-bathe;https://www.detailedimage.com/Gyeon-M91/Bathe-P1422/400-ml-S1/;https://www.autogeek.net/gyeon-bathe-liter.html;;
Gyeon Q²m Softwipe Evo Lazer Kesim Peluş Cila Bezi - 40X40 cm;Q2M-SWE4040C;https://gyeonusa.com/products/q-m-soft-wipe-evo-towel;https://www.detailedimage.com/Gyeon-M91/Soft-Wipe-P1584/16-x-16-S1/;https://detailmate.de/GYEON-QM-SoftWipe-40-cm-60-cm_1;https://www.carparts.koeln/GYEON-QM-SoftWipe-EVO-40-cm-40-cm;;
Fra-Ber Bersolux Cilalı Köpüklü Manuel Araç Yıkama Şampuanı - 1000 ml;70778;;;;;;
Gyeon Q²m Wetcoat Nano Boya Koruma ve Seramik Sprey Hızlı Cila - 500 ml -Su Itici Parlak Islak Cila;Q2M-WYA500M;https://gyeon.de/GYEON-Q2M-WetCoat;https://www.polishedbliss.co.uk/products/gyeon-q2m-wetcoat;https://www.cleanyourcar.co.uk/gyeon-q2m-wet-coat;;;
Gyeon Q²m Waffle Dryer Petek Dokulu Cam Silme Bezi ve Yüzey Kurulama Havlusu - 40X40 cm;Q2M-WD4040C;https://www.carclean.com/en/gyeon-q2m-waffle-dryer-evo-40x40-cm.html;https://gyeon.de/GYEON-QM-WaffleDryer;https://autojoy.shop/products/gy-q2m-waffledryer-evo;;;
Gyeon Q²m Preserve Iç Dış Plastik Trim Yenileyici ve Koruyucu - 250 ml -Mat Görünüm Plastik O;Q2M-PRYA250M;https://gyeon.de/GYEON-QM-Preserve-250-ml;https://detailing.com/products/gyeon-q2m-preserve-250-ml;https://crosscountryperformance.com/products/gyeon-preserve;;;
Gyeon Q²m Polishwipe Evo Lazer Kesim Çift Yönlü Cila Bezi - 40X40 cm;Q2M-PWE4040C;https://slickshifts.co.uk/products/gyeon-q2m-polishwipe-microfibre-cloth;https://www.cadetailing.co.uk/products/gyeon-q-m-polishwipe-evo-40x40-cm;https://detailing.com/products/gyeon-q2m-polishwipe-evo-towel-40-x-40-cm;;;
Gyeon Q²m Interiordetailer Araç Içi Temizleyici - 500 ml -Alkol Bazlı Dezenfektan;Q2M-IDYA500M;https://carzilla.ca/collections/i-g-disinfect/products/gyeon-q-m-interior-detailer-500ml;https://esotericcarcare.com/products/gyeon-q2m-interior-detailer;https://www.autogeek.net/gyeon-q2m-interior-detailer.html;https://www.detailedimage.com/Gyeon-M91/Tire-Express-P1845/400-ml-S1/;https://www.justcarcare.co.uk/products/gyeon-q2m-interior-detailer;https://motorsportandspares.com/products/gyeon-q2m-interior-detailer-500ml
Gyeon Q²m Interiordetailer Araç Içi Temizleyici - 1000 ml -Alkol Bazlı Dezenfektan;Q2M-IDYA1000M;https://www.irepdetailsupply.com/gyeon-q2m-interior-detailer-1000ml.html;https://www.detailedimage.com/Gyeon-M91/Interior-Detailer-P2482/1000-ml-S2/;https://www.mycarcleaning.co.uk/products/gyeon-q2m-interior-detailer;https://gyeonusa.com/products/q-m-interior-detailer;;
Gyeon Q²m Interiorpack Evo Iç Aksam Mikrofiber Detaylı Temizlik Bezi Seti 4'lü Paket - 40X40 cm;Q2M-IPE4P;https://www.carparts.koeln/GYEON-QM-InteriorPack-EVO-4-pieces;https://www.carclean.com/en/gyeon-q2m-interiorwipe-evo-2-pack-40x40cm.html;;;;
GYEON Q2M Scrubpad Evo Deri ve Plastikler İçin Çift Taraflı Temizlik Aplikatörü;Q2M-SPE;https://autolab.bg/en/product/4420/gyeon-q2m-scrubpad-evo.html;https://www.ahifi.com/cleaning-applicator-gyeon-q2m-scrubpad-evo-8-x10-cm.html;https://carzilla.ca/products/gyeon-q2m-scrub-pad-evo;https://www.cleanyourcar.co.uk/gyeon-q2m-scrub-pad-evo;;
İK Sprayers Ik Foam Pro 2+ Köpük Yapıcı Hava Kompresör Bağlantılı Kimyasal Dayanımlı Basınç;81678;https://www.detailstore.com.au/products/ik-foam-pro-2-2-plus-hand-pump-sprayer;https://adamspolishes.com/products/adams-ik-e-foam-pro-2-sprayer;https://www.carpro-us.com/brushes-bottles-applicators/ik-foam-pro-2-foaming-1-5l-sprayer/;https://theragcompany.com/products/ik-foam-pro-2-plus-sprayer;https://www.iksprayers.com/en/ik-foam-pro-2-81676.html;
Gyeon Q²m Bug&grime Araç Sinek Böcek Leke Temizleyici - 1000 ml;Q2M-BGYA1000M;https://carzilla.ca/products/gyeon-q2m-bug-grime-1000ml;https://www.prodetailingsupplies.ca/product-page/gyeon-q-m-bug-grime-remover;https://www.elitecarcare.co.uk/product/gyeon-q2m-bug-grime-4-litre-effective-pre-wash-bug-remover/;https://www.blok51.com/gyeon-q2m-bug-grime-1000-ml.html;https://www.detailgear.co.uk/products/gyeon-q-bug-grime-remover;https://www.cleanyourcar.co.uk/gyeon-bug-grime-remover
Epoca 2000 Profesyonel Kimyasal Dayanımlı Basınçlı Pompa 2 Litre - Kırmızı/beyaz (Nbr);20102;https://gyeon.de/GYEON-QM-InteriorPack-EVO-4-pieces;;;;;
Gyeon Q²m Interiorwipe evo Iç Yüzey Detaylı Temizlik Bezi 2'li Paket - 40X40 cm;Q2M-IWE40402P;https://www.carparts.koeln/GYEON-QM-InteriorWipe-EVO-40-cm-x-40-cm-2-pieces;;;;;
Gyeon Q²m WaterSpot Kireç Çözücü Cam Su Lekesi Temizleyici Çıkarıcı - 1000 ml;Q2M-WSYA1000M;https://gyeon.co/product/waterspot/;https://detailarena.com/products/gyeon-q2m-water-spot;https://biketailing.com/product/gyeon-q2m-water-spot/;https://www.detailedimage.com/Gyeon-M91/WaterSpot-P1427/500-ml-S1/;https://www.blok51.com/gyeon-q2m-waterspot-1000-ml.html;https://www.cleanyourcar.co.uk/gyeon-water-spot-remover
Gyeon Q²m Glasswipe Evo Cam Temizlik Bezi - 40X40 cm;Q2M-GWE4040;https://gyeon.de/GYEON-QM-GlassWipe-EVO-40-x-40-cm;https://www.carcareproducts.com.au/products/gyeon-q2m-glass-wipe-evo-40x40cm;https://www.cleanyourcar.co.uk/gyeon-q2m-glass-wipe-evo;;;
Menzerna P150M Sarı İnce Pasta ve Hare Giderici Süngeri 150mm;26900.223.003;https://www.menzerna.com/car-care/accessories/polishing-accessories/details/medium-cut-foam-pad;https://www.springriver.eu/menzerna-medium-cut-foam-pad-150mm.html;https://www.theultimatefinish.co.uk/products/menzerna-medium-cut-foam-pad-yellow.aspx;;;
Menzerna 2500 Medium Cut Polish Orta Der. Çizik Gid. Pasta 250ml;22828.281.001;https://macsautodetailing.co.uk/products/menzerna-2500-classic-medium-cut-polish-1-litre;https://www.justcarcare.co.uk/products/menzerna-medium-cut-polish-2500;https://www.detailedimage.com/Menzerna-M10/Power-Finish-PF-2500-PO203-P649/16-oz-S1/;;;
Gyeon Q² Leather Coat Redefined Deri Yüzeyler Için Bakım ve Koruma - 400 ml;Q2-LCR500M;https://gyeon.co/product/leathercoat-redefined/;https://www.cleanyourcar.co.uk/gyeon-q2-leather-coat;https://www.polishedbliss.co.uk/products/gyeon-q2-leathercoat;https://www.cleanandshiny.co.uk/products/gyeon-q2-leathercoat-400ml;https://www.justcarcare.co.uk/products/gyeon-q2-leather-coat-redefined-500ml;https://clean-garage.com/gyeon-q2-leathercoat-redefined-500ml-easy-to-use-leather-coating/
Gyeon Q²m Iron Wheelcleaner Redefined Jant Temizleyici Demir Tozu Balata Tozu Çözücü - 1000 ml;Q2M-IWCR1000M;https://gyeon.co/product/iron-wheelcleaner-redefined/;https://www.carsupplieswarehouse.com/products/gyeon-q2m-iron-wheel-cleaner;https://www.cleanandshiny.co.uk/collections/gyeon;https://www.mycarcleaning.co.uk/products/gyeon-q2m-iron-wheel-cleaner;https://carzilla.ca/products/gyeon-q2m-iron-wheel-cleaner-redefined;https://www.cadetailing.co.uk/products/gyeon-q-m-iron-wheelcleaner-redefined-1000-ml
Gyeon Q²m Glass+ Plus Araç Cam Yağmur Kaydırıcı Su Itici ve Temizleyici - 500 ml -Hidrofobik P;Q2M-GPYA500M;https://gyeon.co/product/glass-plus/;https://www.cleanyourcar.co.uk/gyeon-q2m-glass-plus;https://www.justcarcare.co.uk/products/gyeon-q2m-glass-plus;https://www.theultimatefinish.co.uk/products/gyeon-q2m-glass-plus.aspx;https://www.in2detailing.co.uk/products/gyeon-q2m-glass-1?variant=40589376847951;https://carzilla.ca/products/gyeon-glass-plus
Gyeon Q²m Wetcoat Nano Boya Koruma ve Seramik Sprey Hızlı Cila - 4000 ml -Su Itici Parlak Islak C;Q2M-WCYA4000M;https://www.detailstore.com.au/products/gyeon-q2m-wetcoat-500ml;https://esotericcarcare.com/products/gyeon-q2m-wetcoat;https://www.tocsupplies.ca/products/gyeon-q-m-wetcoat-500ml;https://www.cleanyourcar.co.uk/gyeon-q2m-wet-coat;https://gyeon.de/GYEON-Q2M-WetCoat;
Gyeon Quartz Gyeon Q² Tire Lastik Parlatıcı Ve Koruyucu Jel - 500 Ml -Seramik Bazlı Lastik Teker;Q2-TYA500M;https://gyeonusa.com/products/q2-tire;https://www.blok51.com/gyeon-q2-tire-500-ml.html;https://www.goldlabelcarcare.co.uk/products/gyeon-q2-tire-400ml;https://www.carcareproducts.com.au/products/gyeon-q2-tire-500ml;https://carzilla.ca/products/q2-tire-sio2-coating-400ml;https://www.cleanandshiny.co.uk/products/gyeon-q2-tire-400ml
Gyeon Q²m Ceramicdetailer Seramik Yüzey Detaylandırıcı ve Parlatıcı - 500 ml -Su Itici Oto Ci;Q2M-CDYA500M;https://gyeonusa.com/products/q2m-ceramic-detailer;https://www.cleanyourcar.co.uk/gyeon-ceramic-detailer;https://www.in2detailing.co.uk/products/gyeon-q2m-ceramic-detailer?variant=39414938927183;https://www.cleanandshiny.co.uk/collections/gyeon;https://fastcarpartsonline.co.uk/products/gyeon-q2m-ceramic-detailer-500ml;https://www.autogeek.net/gyeon-q2m-ceramic-detailer.html
Menzerna 3000 Final Finish Hare Giderici Cila 250 ml;22029.281.001;https://www.theultimatefinish.co.uk/products/menzerna-final-finish-3000.aspx;https://www.cleanandshiny.co.uk/products/menzerna-3000-final-finish;https://www.cadetailing.co.uk/products/menzerna-final-finish-3000;https://www.nonpaints.com/en/menzerna-3000-final-finish-polish;;
Gyeon Q²m Tire Express Lastik Parlatıcı ve Koruyucu - 500 ml -Su Bazlı Jel Oto Lastik Cilası;Q2M-TE500M;https://gyeonusa.com/products/q-m-tire-express;https://www.cleanyourcar.co.uk/gyeon-q-m-tire-express;https://cardetail.ie/products/tire-express;https://www.autopia.ie/product/gyeon-q2m-tire-express/;https://www.carcareproducts.com.au/products/gyeon-q2m-tire-express-500ml;https://www.carspa.mu/products/gyeon-q2m-tyre-express-500ml
Epoca A-Type Pro Alkali ve Alkol Dayanımlı Basınçlı Pompa 1.8 Litre;18810;https://epocasprayers.com.au/a-type/;https://automotivesuperstore.com.au/epoca-epctec2vitonb;;;;
Klın Softy Hd Wash Mitt Ultra Yumuşak Uzun Tüylü Mikrofiber Araç Yıkama Eldiveni (Açık Bej);3227I-HD;https://klin.co.uk/products/klin-softy-wash-mitt-hd;;;;;
Little Joe Kurutma Makinesi Orkide Koku Kapsülü 2'li Paket (Blooming Orchid) -40 Kurutma;TF1138;;;;;;
Fra-Ber Pulitutto Deri, Kumaş ve Plastik Temizleyici Köpük - 1000 ml;701285;https://detailingmania.lv/en/products/fra-ber-pulitutto-1l-110---150---all-purpose-cleaner;https://www.gecegy.com/en/shop/fra-ber-pulitutto-italian-multi-purpose-cleaner-1000ml-5300;https://www.autopia.ie/product/pulitutto-multi-purpose-interior-cleaner/;;;
Gyeon Q²m Bathe+ Plus Seramik Bazlı Ph Nötr Cilalı Oto Şampuanı 1000 ml -Su Itici Araç Yıkama;Q2M-BPYA1000M;https://www.polishedbliss.co.uk/products/gyeon-q2m-bathe-plus;https://gyeonusa.com/products/q-m-bathe;https://www.goldlabelcarcare.co.uk/products/gyeon-q2m-bathe-plus-shampoo;;;
Gyeon Q²m Baldwipe Evo Lazer Kesim Tüysüz Çok Amaçlı Mikrofiber Bez - 40X40 cm;Q2M-BWE4040;https://gyeon.co/product/baldwipe-evo/;https://www.cleanyourcar.co.uk/gyeon-q2m-bald-wipe-evo;https://www.detailedimage.com/Gyeon-M91/BaldWipe-Microfiber-P1430/16-x-16-S1/;https://www.carsupplieswarehouse.com/products/gyeon-q2m-baldwipe-evo-16x16-polish-removal-and-coating-leveling-towel;https://www.a1mcganns.co.uk/shop/p/gyeon-q2m-bald-wipe-towel;https://www.justcarcare.co.uk/products/gyeon-q2m-bald-wipe-40cm-x-40cm
Gyeon Q²m Ceramicdetailer Seramik Yüzey Detaylandırıcı ve Parlatıcı - 1000 ml -Su Itici Oto C;Q2M-CDYA1000M;https://gyeonusa.com/products/q2m-ceramic-detailer;https://www.polishedbliss.co.uk/products/gyeon-q-m-ceramic-detailer;https://www.detailedimage.com/Gyeon-M91/Ceramic-Detailer-P2458/1000-ml-S2/;https://www.carsupplieswarehouse.com/products/gyeon-q2m-ceramic-detailer;https://www.in2detailing.co.uk/products/gyeon-q2m-ceramic-detailer?variant=39414938927183;https://www.elitecarcare.co.uk/product/gyeon-q2m-ceramic-detailer/
Gyeon Q²m Glasspack Evo Cam Yüzey Temizlik ve Silme Mikrofiber Bezi Seti 2'lü Paket - 40X40 cm;Q2M-GPE2P;https://gyeon.co/product/glasspack-evo/;https://carzilla.ca/products/gyeon-q2m-glasspack-evo;https://www.carclean.com/nl/gyeon-q2m-glasspack-evo-2-pack.html;https://gyeon.de/GYEON-QM-GlassPack-EVO-2-pieces;;
Gyeon Q²m Iron Wheelcleaner Redefined Jant Temizleyici Demir Tozu Balata Tozu Çözücü - 500 ml;Q2M-IWCR500M;https://www.in2detailing.co.uk/products/gyeon-q2m-iron?variant=39414979690575;https://gyeon.co/product/iron-wheelcleaner-redefined/;https://www.gsfcarparts.com/products/q-m-iron-wheelcleaner-redefined-1000-ml-brngiwc1000r;https://www.cleanandshiny.co.uk/collections/gyeon;https://www.justcarcare.co.uk/products/gyeon-q2m-iron-wheel-cleaner-redefined;
Menzerna Cream Tube Metal Polish Metal Parlatıcı 125 Gr;23003.391.001;https://www.menzerna.com/car-care/accessories/polishing-accessories/details/metal-polish;https://www.exceldetailingsupplies.co.uk/products/menzerna-metal-polishing-cream;;;;
Gyeon Q²m Bathe Ph Nötr Cilalı Oto Şampuanı - 1000 ml -Yüksek Konsantre Jel Araç Yıkama Köpük;Q2M-BYA1000M;https://gyeon.co/product/bathe-2/;https://www.carcareproducts.com.au/products/gyeon-q2m-bathe-500ml-101;https://carzilla.ca/products/gyeon-q2m-bathe-shampoo-400ml;https://www.detailedimage.com/Gyeon-M91/Bathe-P1421/1000-ml-S2/;https://www.cleanandshiny.co.uk/products/gyeon-q2m-bathe-plus-shampoo-1-litre;https://www.detailstore.com.au/products/gyeon-q2m-bathe-hydrophobic-wash-500ml
Gyeon Q²m Quickdetailer Seramik Bazlı Parlatıcı Yüzey Detaylandırıcı - 500 ml -Leke Giderici;Q2M-QDYA500M;;;;;;
Gyeon Q2M Ppf Renew 120 ml;Q2M-PPR120M;https://gyeon.co/product/ppf-renew/;https://www.detailedimage.com/Gyeon-M91/PPF-Renew-P1849/120-ml-S1/;https://carzilla.ca/products/gyeon-qm-ppf-renew-120ml;https://themicrofibershop.com/products/gyeon-q-m-ppf-renew;https://clean-garage.com/gyeon-q2m-ppf-renew-120ml-paint-protection-film-polish/;
Epoca Tınt Tec 10 Ppf Folyo Cam Filmi Uygulamaları Için Basınçlı Pompa 10 Litre - Siyah/beyaz;123456;;;;;;
Gyeon Q²m Leather Cleaner Natural Modern Napa Yarı Anilin Derilere Özel Temizleyici - 500 ml;Q2M-LCN500M;;;;;;
Menzerna Sealing Wax Protect Boya Koruma Cilası 250ml;22870.281.001;https://www.nonpaints.com/en/menzerna-sealing-wax-protection;https://www.polishedbliss.co.uk/products/menzerna-power-lock-ultimate-protection;;;;
Gyeon Tirebrush Dayanıklı Lastik/davlumbaz Temizlik Fırçası;Q2M-TB;https://gyeon.co/product/tire-brush/;https://themicrofibershop.com/products/gyeon-q-m-tire-brush;https://carzilla.ca/products/gyeon-q2m-tire-brush;https://www.detailedimage.com/Gyeon-M91/Tire-P1418/400-ml-S1/;;
Gyeon Q2M Leather Brush;Q2M-LB;https://gyeon.co/product/leatherbrush/;https://www.polishedbliss.co.uk/products/gyeon-q2m-leatherbrush;;;;
İK Sprayers Ik Multı Tr Mını 360 Derece Her Yönden Atımlı Kimyasal Dayanımlı Sprey Şişe;684173;https://www.iksprayers.com/en/multi-tr-mini-360-84173.html;https://www.theultimatefinish.co.uk/products/ik-sprayers-ik-multi-tr-1-360.aspx;https://theragcompany.com/products/ik-multi-tr-1-360;https://www.cardetail.be/en/product/ik-multi-tr-mini-360-sprayer-600ml/;https://www.carpro-us.com/latest-arrivals/ik-multi-tr-mini-360-heavy-duty-sprayer-20-oz-new/;https://clean-garage.com/ik-multi-tr-1-360-spray-bottle-and-spray-top-35oz-360-degree/
Menzerna Ceramic Spray Sealant Seramik Içerikli Sprey Boya Koruyucu Cila - 500 ml;26919.271.001;https://carzilla.ca/products/menzerna-ceramic-spray-sealant;https://www.thepolishingshop.co.uk/menzerna-ceramic-spray-sealant-500ml-ps220053-menzerna;https://www.springriver.eu/menzerna-ceramic-spray-sealant-500-ml.html;https://www.in2detailing.co.uk/products/menzerna-ceramic-spray-sealant?variant=40844773163087;;
Gyeon Q²m Towelwash Mikrofiber Bez Havlu Eldiven Keçe Ped Yıkama Şampuanı - 500 ml;Q2M-TWYA500M;https://gyeon.co/product/towelwash/;https://www.cleanyourcar.co.uk/gyeon-q2m-towel-wash;https://www.detailedimage.com/Gyeon-M91/TowelWash-P1514/500-ml-S1/;https://carzilla.ca/products/gyeon-q2m-towel-wash-detergent-500ml;https://www.in2detailing.co.uk/products/gyeon-q2m-towel-wash-500-ml?variant=39414806741071;
Gyeon Q²m Apc Çok Amaçlı Genel Yüzey Temizleyici - 1000 ml -Konsantre Leke Çıkarıcı Yağ Çözücü;Q2M-APYA1000M;https://gyeon.co/product/apc/;https://www.cleanyourcar.co.uk/gyeon-apc;https://www.polishedbliss.co.uk/products/gyeon-q-m-apc;https://www.detailedimage.com/Gyeon-M91/APC-P2459/1000-ml-S1/;https://carzilla.ca/products/gyeon-q2m-apc-1l-concentrated;https://www.carcareproducts.com.au/products/gyeon-q2m-apc-1l
Gyeon Q2M Washpad;Q2M-WP;https://gyeon.co/product/washpad-evo/;https://www.carcareproducts.com.au/products/gyeon-q2m-washpad;https://www.cleanyourcar.co.uk/gyeon-q2m-wash-pad;;;
Klın Wash Mitt Mikrofiber Araç Yıkama Eldiveni (Kırmızı) - 20X18 cm;3221A-RD;https://klin.co.uk/products/klin-dual-wash-mitt;https://www.mycarcleaning.co.uk/products/klin-korea-wash-mitt-blue;https://parkscarcare.net/products/kl-n-softy-series-wash-mitt;;;
IK MULTI PRO 2 Kimyasal ve Asit Dayanımlı Basınçlı Pompa 2 Litre;81671;https://www.tocsupplies.ca/products/ik-sprayer-multi-pro-2?_pos=1&_psq=ik+multi+pro+2&_ss=e&_v=1.0;https://www.detailedimage.com/IK-M111/Multi-Pro-2-Sprayer-P2013/2-L-S1/;https://theragcompany.com/products/ik-multi-pro-2-360;https://www.theultimatefinish.co.uk/products/ik-sprayers-ik-multi-pro-2.aspx;https://carcareco.com.au/product/ik-multi-pro-2-sprayer/;https://www.emkoindustrial.co.uk/collections/ik-sprayers-1
Gyeon Q²m Clay Lube Redefined Kil Kaydırıcı Yoğun Konsantre - 500 ml;Q2M-CLR500M;https://gyeon.co/product/claylube-redefined/;https://www.carcareproducts.com.au/products/gyeon-q2m-clay-lube-500ml;https://carzilla.ca/products/gyeon-q2m-clay-lube-redefined;https://detailing.com/products/gyeon-q-m-clay-lube-redefined-500-ml;https://clean-garage.com/gyeon-q2m-clay-lube-redefined-500ml-decon-lubricant/;https://esotericcarcare.com/products/gyeon-q2m-claylube
Gyeon Q² Leather Shield Evo Deri Aksamlar Için Koruyucu Seramik Kaplama - 50 ml;Q2-LSE50M;https://gyeon.co/product/leathershield-evo/;https://carzilla.ca/products/gyeon-leathershield-evo;https://www.autogeek.net/gyeon-q2-leather-shield.html;https://detailing.com/products/gyeon-q2-leather-shield-50-ml;https://esotericcarcare.com/products/gyeon-q2-leathershield-evo;
Gyeon Q²m Iron Demir Tozu, Balata Tozu Temizleyici ve Pas Sökücü Ph Nötr - 1000 ml;Q2M-IR1000M;https://gyeon.co/product/iron-redefined/;https://www.polishedbliss.co.uk/products/gyeon-q2m-iron;https://www.detailedimage.com/Gyeon-M91/Iron-P1419/1000-ml-S2/;https://carzilla.ca/products/gyeon-q2m-iron-redefined;https://www.autogeek.net/gyeon-iron-500.html;https://www.carclean.com/en/gyeon-q2m-iron-1000ml.html
Klın Drying Duo Çift Taraflı Kurulama Havlusu 1200 Gsm (Lacivert) - 70X45CM;3213MN;https://www.detail-division.com/products/kl-n-drying-towel-duo;https://www.mycarcleaning.co.uk/products/klin-korea-wash-pad-red;https://www.detail-division.com/products/kl-n-drying-towel-duo;;;
Gyeon Q²m Leathercleaner Strong Güçlü Deri Temizleyici - 500 ml -Mat Görünüm Deri Koltuk Temizleme;Q2M-LCSYA500M;https://gyeon.co/product/leathercleaner-strong/;https://www.polishedbliss.co.uk/products/gyeon-q2m-leathercleaner-strong;https://www.detailedimage.com/Gyeon-M91/Leather-Cleaner-P1515/500-ml-S1/;https://carzilla.ca/products/gyeon-qm-leather-cleaner-strong-500ml;;
Little Joe Kurutma Makinesi Vanilya Koku Kapsülü 2'li Paket (Vanilla Blossom) -40 Kurutma;TF0137;;;;;;
Epoca A-Type 0.6 Kimyasal Dayanımlı El Tipi Sprey Şişe 600 ml - Beyaz/siyah (Nbr);24952;https://sydneytools.com.au/product/epoca-apa15pepdm-15l-atype-pro-epdma-pressure-spray-bottle;https://macarthurtools.com/products/Epoca-EPA15APVITON-1-5L-A-Type-Pro-Viton-Pressure-Spray-Bottle-p711508072;https://www.jeffersonpaintsupplies.com.au/epoca-archetype-a-type-1.5l-pro-pp-hand-pump-press;https://www.sprintcleaningproducts.com.au/products/spray-bottle-pressurised-epoca-a-type-1-5-pro-pa-viton-pa-head-made-in-italy;;
Gyeon Q2 Can Coat Evo 200 ml;Q2-CCE200M;https://www.cleanyourcar.co.uk/gyeon-q2-cancoat-evo-200ml;https://www.polishedbliss.co.uk/products/gyeon-q2-cancoat-evo;https://www.detailedimage.com/Gyeon-M91/CanCoat-Evo-P2591/200-ml-S1/;https://carzilla.ca/products/gyeon-q2-cancoat-evo-200ml;https://esotericcarcare.com/products/gyeon-q2-cancoat-evo;https://themicrofibershop.com/products/gyeon-q-cancoat-evo-200-ml
Gyeon Q²m Quickdetailer Seramik Bazlı Parlatıcı Yüzey Detaylandırıcı - 1000 ml -Leke Giderici;Q2M-QDYA1000M;https://www.detailedimage.com/Gyeon-M91/Quick-Detailer-P1846/1000-ml-S2/;https://carzilla.ca/products/gyeon-qm-quick-detailer-400ml;https://www.theultimatefinish.co.uk/products/gyeon-q2m-quick-detailer.aspx;https://www.autopia.ie/product/gyeon-q2m-quick-detailer/;https://www.cleanandshiny.co.uk/products/gyeon-q2m-quick-detailer-400ml;https://gyeon.co/product/quickdetailer/
Menzerna Power Gloss 1000 - Çizik Çıkarıcı Pasta 1 KG;22984.260.001;https://www.detailedimage.com/Menzerna-M10/Power-Gloss-P74/16-oz-S1/;https://carzilla.ca/products/pg-1000-powergloss-compound-32oz;https://centredelautoelegance.ca/en/products/menzerna-heavy-cut-compound-1000?variant=40578243854403;https://car-zone.eu/en/menzerna/4322-menzerna-heavy-cut-compound-1000-250-ml.html;https://www.detailedimage.com/Menzerna-M10/Power-Gloss-P74/16-oz-S1/;
Little Joe Kurutma Makinesi Lavanta Koku Kapsülü 2'li Paket (Fresh Lavender) -40 Kurutma;TF2136;;;;;;
Gyeon Q²m Tire Cleaner Araç Lastik Kauçuk Temizleyici - 1000 ml -Güçlü Oto Teker Temizleyici;Q2M-TCYA1000M;https://www.cleanyourcar.co.uk/gyeon-q-m-tire-cleaner;https://www.detailedimage.com/Gyeon-M91/Tire-Cleaner-P1844/500-ml-S1/;https://carzilla.ca/products/gyeon-qm-tire-cleaner-1000ml;https://thecleangarage.uk/gyeon-q2m-tire-cleaner-500ml-highly-effective-rubber-cleaner/;https://www.carspa.mu/products/gyeon-q2m-tirecleaner-500ml-1;https://www.carcareproducts.com.au/products/gyeon-q2m-tire-cleaner-500ml
Gyeon Q²m Bug&grime Araç Sinek Böcek Leke Temizleyici - 500 ml;Q2M-BGYA500M;https://gyeon.co/product/buggrime/;https://www.cleanyourcar.co.uk/gyeon-bug-grime-remover;https://www.detailedimage.com/Gyeon-M91/Bug-Grime-P1428/400-ml-S1/;https://carzilla.ca/products/gyeon-q2m-bug-grime-1000ml;https://www.theultimatefinish.co.uk/products/gyeon-q2m-bug-and-grime.aspx;https://www.carcareproducts.com.au/products/gyeon-q2m-bug-grime-500ml
Gyeon Q²m Leatherset Strong Güçlü Deri Temizlik ve Bakım Seti (5 Parça) - 200 ml;Q2M-LSSYA200M;https://gyeon.co/product/leather-set-strong/;https://carzilla.ca/products/gyeon-qm-leather-set-strong;https://www.detailedimage.com/Gyeon-M91/Leather-Cleaner-Mild-P1843/500-ml-S1/;https://detailarena.com/products/gyeon-q2m-leather-set-strong;https://www.mycarcleaning.co.uk/products/gyeon-q2m-leather-set-natural;
Menzerna 1000 Heavy Cut Compoud Çizik Çıkarıcı Pasta 250 ml;22984.281.001;https://carzilla.ca/products/pg-1000-powergloss-compound-32oz;https://www.detailedimage.com/Menzerna-M10/Power-Gloss-P74/16-oz-S1/;https://centredelautoelegance.ca/en/products/menzerna-heavy-cut-compound-1000?variant=40578243854403;https://spectrumalberta.ca/products/menzerna-heavy-cut-compound-1000-ex-pg1000;;
Menzerna 3800 Super Finish Hare Giderici Cila 250ml;22992.281.001;https://www.detailedimage.com/Menzerna-M10/PO85RD-Polish-P217/32-oz-S1/;https://www.theultimatefinish.co.uk/products/menzerna-super-finish-plus-3800.aspx;https://www.cleanandshiny.co.uk/products/menzerna-3800-super-finish-plus;https://www.springriver.eu/menzerna-super-finish-plus-3800.html;https://carzilla.ca/products/super-finish-plus-3800-32oz;https://www.menzerna.com/car-care/car-polish/products/details/super-finish-plus-3800
FRA-BER DOUBLE SKIN 600 ML (DÖŞEME KORUYUCU);75277;https://detailersa.com/products/double-skin;;;;;
Epoca EP10 360° Derece Kimyasal Dayanımlı El Tipi Sprey Şişe 600 ml;13724;https://www.horme.com.sg/product.aspx?id=10838 ;https://automotivesuperstore.com.au/epoca-ep01maxinbrw?filterVid=26183;;;;
Gyeon Q²m Leathercleaner Strong Güçlü Deri Temizleyici - 1000 ml -Mat Görünüm Deri Koltuk Temizleme;Q2M-LCSYA1000M;https://www.cleanyourcar.co.uk/gyeon-q-m-leather-cleaner-strong;https://carzilla.ca/products/gyeon-qm-leather-cleaner-strong-500ml;https://www.detailedimage.com/Gyeon-M91/Leather-Cleaner-P1515/500-ml-S1/;https://thecleangarage.uk/gyeon-leather-cleaner-strong-500ml-pre-coating-leather-cleaner/;https://www.carcareproducts.com.au/products/gyeon-q2m-leather-cleaner-strong-500ml;https://gyeon.co/product/leathercleaner-strong/
Gyeon Q²m Ppf Slip Ppf Folyo Montaj Yapıştırma Sıvısı Yoğun Konsantre - 4000 ml;Q2M-PPFSL4000M;https://carzilla.ca/products/gyeon-ppf-slip;https://themicrofibershop.com/products/gyeon-q-m-ppf-slip;https://www.ahifi.com/lubricant-for-the-application-of-ppf-films-gyeon-q2m-ppf-slip-4-l.html;https://shop.jemppf.cz/en/gyeon-q2m-ppf-slip-lubrikant-pro-aplikaci-ppf-folii-4-l/;https://autojoy.shop/products/qy-q2m-ppf-slip;https://gyeon.co/product/ppf-slip/
Gyeon Q²m Tire Express Lastik Parlatıcı ve Koruyucu - 1000 ml -Su Bazlı Jel Oto Lastik Cilası;Q2M-TEYA1000M;https://carzilla.ca/products/gyeon-qm-tire-express-400ml;https://www.cleanyourcar.co.uk/gyeon-q-m-tire-express;https://gyeon.co/product/tire-express/;;;
Sgcb Cam Filmi Ppf Folyo Çekme Aparatları Kiti 6 Parça - Tpu Mıknatıslı;SGPM014;https://sgcbautocare.com/products/63231419;;;;;
Gyeon Q²m Cure Matte Redefined Mat Boyalı Ppf Kaplı Araçlara Özel Koruyucu Bakım Spreyi - 500 ml;Q2M-CMR500M;https://carzilla.ca/products/gyeon-q2m-cure-matte-redefined;https://www.detailedimage.com/Gyeon-M91/Cure-Matte-P2868/400-ml-S1/;https://www.cleanandshiny.co.uk/products/gyeon-q2m-cure-matte-400ml;https://www.carcareproducts.com.au/products/gyeon-q2m-cure-matte-redefined-500ml;https://thecleangarage.uk/gyeon-q2m-cure-matte-redefined-500ml-ceramic-sealant-matte-paint-vinyl/;https://gyeon.co/product/cure-matte-redefined/
Gyeon Q2M Water Spot Su Lekesi Giderici – 500ml;Q2M-WSYA500M;https://www.cleanyourcar.co.uk/gyeon-water-spot-remover;https://www.detailedimage.com/Gyeon-M91/WaterSpot-P1427/500-ml-S1/;https://carzilla.ca/products/gyeon-q2m-waterspot-1000ml;https://www.cleanandshiny.co.uk/products/gyeon-q2m-cure-matte-400ml;https://www.detailstore.com.au/products/gyeon-q2m-water-spot-500ml;https://gyeon.co/product/waterspot/
Gyeon Q²m Eco Wash Seramik Katkılı Susuz Yıkama Yüzey Temizleyici ve Parlatıcı Cila - 1000 ml;Q2M-EW1000M;https://www.cleanyourcar.co.uk/gyeon-q2m-eco-wash;https://carzilla.ca/products/gyeon-q2m-ecowash-rinseless-wash;https://www.theultimatefinish.co.uk/products/gyeon-q2m-eco-wash.aspx;https://www.detailedimage.com/Gyeon-M91/Eco-Wash-P3564/1000-ml-S1/;https://gyeon.co/product/ecowash/;
Innovacar Araç Yıkama Kovası Seti 20 Lt Siyah (Süzgeç + Vidalı Kapak) - Wash Bucket, Grit Guard;79472;https://mtskimya.com/makine-ekipman/tasiyicilar-koruyucular/tasiyicilar/prd-innovacar-arac-yikama-kovasi-seti-20-lt-siyah-suzgec-vidali-kapak-wash-bucket-grit-guard;https://en.innovacar.it/products/secchio-lavaggio-auto-con-griglia-e-coperchio-det-bowl;;;;
Menzerna Yeni 400 Fast Gloss - Çizik Çıkarıcı Pasta 250ml.;22202.281.001;https://www.polishedbliss.co.uk/products/menzerna-heavy-cut-compound-400-fg400;https://www.cleanyourcar.co.uk/menzerna-heavy-cut-compound-400;https://intercash.pro/en/menzerna/6517-menzerna-cut-force-pro-250-ml-polish-compound-and-finition.html;https://www.detailedimage.com/Menzerna-M10/Fast-Gloss-400-Compound-P688/32-oz-S1/;https://www.autogeek.net/menzerna-fast-gloss-fg400.html;https://www.cadetailing.co.uk/products/menzerna-heavy-cut-compound
Gyeon Q²M Glass Polish Cam Pastası Leke Temizleyici Kireç Çözücü Hafif Çizik Giderici - 120 ml;Q2M-GP120M;https://autojoy.shop/products/qy-q2m-glasspolish;https://carzilla.ca/products/gyeon-q2m-glasspolish;https://detailculture.com/products/gyeon-q2m-glass-polish;https://www.carcareproducts.com.au/products/gyeon-q2m-glass-polish-120ml;https://www.detailstore.com.au/en-cn/products/gyeon-q2m-glass-polish-120ml;https://www.shopnshine.co.uk/products/gyeon-q2m-glass-polish
Epoca EP01 Alkali ve Alkol Dayanımlı El Tipi Sprey Şişe 1 Litre;12922;https://www.epocaspa.com/en/Products/Details/2583/ep01-maxi-nbr;https://www.thinkkleen.com/product/sprayers-maxi-1-spray-bottle-epoca-2/;https://spectrapaints.com.au/product/epocaredmaxitnbrspraybottlebottlehandsprayer1ltep01/;https://automotivesuperstore.com.au/epoca-ep01maxinbrb;;
Gyeon Q²m Leather Cleaner Natural Modern Napa Yarı Anilin Derilere Özel Temizleyici - 1000 ml;Q2M-LCN1000M;https://carzilla.ca/products/gyeon-q2m-leather-cleaner-natural;https://www.cleanyourcar.co.uk/gyeon-q2m-leather-cleaner-natural;https://www.polishedbliss.co.uk/products/gyeon-q-m-leathercleaner-natural;https://www.detailedimage.com/Gyeon-M91/Leather-Cleaner-Mild-P1843/500-ml-S1/;https://www.theultimatefinish.co.uk/products/gyeon-q2m-leather-cleaner-natural.aspx;https://www.detailstore.com.au/products/gyeon-q2m-leather-cleaner-mild-500ml
Gyeon Q²m Fabriccleaner Kumaş Koltuk Döşeme ve Tekstil Temizleyici - 1000 ml - Araç Iç Deterjan;Q2M-FCNA1000M;https://carzilla.ca/products/gyeon-q2m-fabric-cleaner-1l;https://www.carcareproducts.com.au/products/gyeon-q2m-fabric-cleaner-1l;https://www.carsupplieswarehouse.com/products/gyeon-q2m-fabric-cleaner;https://www.detailstore.com.au/en-cn/products/gyeon-q2m-fabric-cleaner-1l;https://www.gsfcarparts.com/products/q-m-fabriccleaner-1000-ml-brngfab1000r;https://gyeon.co/product/fabriccleaner/#technical-details
İK Sprayers Ik Multı Tr 1 Alkali ve Alkol Dayanımlı Sprey Şişe 1 Litre;84170;https://www.detailedimage.com/IK-M111/Multi-TR-1-Trigger-Sprayer-P2319/1-L-S1/;https://www.theultimatefinish.co.uk/products/ik-sprayers-ik-multi-tr-1-360.aspx;https://www.cardetail.be/en/product/ik-multi-tr1-sprayer-lege-sprayfles-1000ml/;https://www.carpro-us.com/brushes-bottles-applicators/ik-multi-tr-1-heavy-duty-sprayer-35-oz-360/;https://www.autogeek.net/ik-multi-tr-1.html;https://www.carsupplieswarehouse.com/collections/ik-sprayers/products/ik-multi-tr-1-trigger-sprayer
Gyeon Q²m Glass+ Plus Araç Cam Yağmur Kaydırıcı Su Itici ve Temizleyici - 1000 ml -Hidrofobik;Q2M-GPYA1000M;https://www.cleanyourcar.co.uk/gyeon-q2m-glass-plus;https://carzilla.ca/products/gyeon-glass-plus;https://www.theultimatefinish.co.uk/products/gyeon-q2m-glass-plus.aspx;https://www.carcareproducts.com.au/products/gyeon-q2m-glass-cleaner-500ml;https://detailculture.com/products/gyeon-q-m-glass-plus-hydrophobic-glass-cleaner;https://gyeon.co/product/glass-plus/
Little Joe Aşk Serisi 2li Paket Ahududu Araç Kokusu (Sweet Berry) -45 Gün -Oto Kokusu Klima Parfüm;LE3739;https://www.littlejoeuk.com/our-company-2/;https://drbcarspares.co.uk/products/4-pk-little-joe-joya-love-edition-vent-air-freshener-sunshine-berry-scent;;;;
Fra-Ber Lava Interni Ultra Yoğun Konsantre Detaylı Kumaş Temizleyici (1:100 Konsantre) - 5 kg;71676;;;;;;
Innova Car Innovacar Sp1 Prewash Enzimli Ön Yıkama Şampuanı Konsantre - 4,54 Lt;79281;;;;;;
Gyeon Q2M Dispenser Bottle - Dağıtıcı Şişe 300ML;Q2M-P-DB300M;;;;;;
Gyeon Q²m Eco Wash Seramik Katkılı Susuz Yıkama Yüzey Temizleyici ve Parlatıcı Cila - 500 ml;Q2M-EW500M;;;;;;
Fra-Ber Lavavetro Estıvo Cam Suyu Katkısı Parfümlü - 250 ml;701605;;;;;;
Fra-Ber Ultra Foam Yoğun Köpüklü Cilalı Ön Yıkama Şampuanı - 5 Kg;701980;;;;;;
Gyeon Quartz Q1 Premium Maskeleme Bantı 36mm x 50 mm 1 Adet;MT13650M;;;;;;
Fra-Ber Det Leather Araç Deri Koltuk Temizleyici ve Bakım – 750 ml;71132;;;;;;
Fra-Ber Lustradry Susuz Yüzey Temizleyici ve Parlatıcı - 750 ml;75016;;;;;;
Gyeon Q²m Clay Coarse Evo Agresif Yüzey Temizleyici Kil Hamuru - 100 gr -Kimyasala Dayanıklı;Q2M-CCE;;;;;;
Menzerna Ağır Kesim Kalın Pasta Süngeri 2li Paket (Kırmızı) - 95MM;26907.099.001;;;;;;
Fra-Ber Camper Wash Karavan Şampuanı Siyah Leke Giderici Konsantre - 1000 ml;701851;;;;;;
Gyeon Q²m Ppf Slip Ppf Folyo Montaj Yapıştırma Sıvısı Yoğun Konsantre - 1000 ml;Q2M-PPFSL1000M;;;;;;
Menzerna One Step Polish 3 in 1 Hepsi Bir Arada Pasta-Cila 1 Lt;22748.261.001;;;;;;
Innovacar Ds Scale Asidik Temizleyici ve Kireç Sökücü Şampuan Konsantre - 1 Lt;79290;;;;;;
Fra-Ber Poker Yüksek Konsantre Fırçasız Ön Yıkama Şampuanı ve Yağ Çözücü (1:100 Konsantre);70942;;;;;;
Menzerna Heavy Cut AS30 Pasta 1 kg;14992.203.001;;;;;;
Fra-Ber Kimyasala Dayanıklı Basınçlı Pompa - 2 Lt;700743;;;;;;
Gyeon Q² Mohs Evo Light Box Seramik Kaplama - 30 ml - 9h Oto Boya Koruma-Su Itici;Q2-MLE30M;;;;;;
Menzerna Power Lock Ultimate Protection-Üstün Boya Koruma 250 ml;22070.281.001;;;;;;
Menzerna 495P Parlatıcı Katı Cila Beyaz Plastik Kompozit Değerli Metaller Boyalı Yüzey Parlatıcı;07006.056.001;;;;;;
Gyeon Q²m Bathe Ph Nötr Cilalı Oto Şampuanı - 4000 ml -Yüksek Konsantre Jel Araç Yıkama Köpük;Q2M-BYA4000M;;;;;;
Fra-Ber Gommalux Uzun Süreli Lastik Parlatıcı ve Koruyucu Sprey - 750 ml;70868;;;;;;
Gyeon Q²m Silkdryer Evo Mikrofiber Kurulama Havlusu 50X55 cm;HBCV0000797PKN;;;;;;
Gyeon Q²m Compound+ Plus Redefıned Ağır Çizik Giderici Kalın Pasta - 120 ml;Q2M-CMPR120M;;;;;;
Menzerna GW18 Kesici Katı Cila Bej Plastik Kompozit Boyalı Yüzey Parlatıcı – 1150 gr;12001.056.001;;;;;;
Menzerna 3000 Final Finish Hare Giderici Cila 1 Lt;22029.261.001;;;;;;
Gyeon Q² QuickView Cam Su Kaydırıcı - 120 ml -Yağmur Kaydırıcı Su İtici;Q2-QV120M;;;;;;
"Menzerna Premium Kuzu Yünü Polisaj Keçesi 90 Mm/3,5""";26913.099.001;;;;;;
Gyeon Q² Purifymaintain Antibakteriyel Yüzey Temizlik ve Bakım Spreyi - 500 ml;Q2M-PM500M;;;;;;
Gyeon Q²m Restartwash Seramik Kaplama Ppf Yenileyici Asidik Şampuan - 1000 ml -Konsantre;Q2M-RWYA1000M;;;;;;
FRA-BER Lustratouch Boya Koruyucu Ve Parlatıcı - 750 ml;75215;;;;;;
Gyeon Q2M Ppf Renew 1000 ml;Q2M-PPR1000M;;;;;;
Fra-Ber Polish Plus Aroma Genel Plastik Parlatıcı Koruyucu 750ML;74903;;;;;;
Gyeon Q²m Suede Evo Seramik Uygulamaları Için Süet Silme Bezi 10×10CM - 10 Lu Paket;Q2M-SEP1010C;;;;;;
Gyeon Q² Trim Evo Plastik Koruyucu ve Solmuş Plastik Yenileyici Seramik Kaplama - 30ML;Q2-TRE30M;;;;;;
Gyeon Q²m Iron Redefined Demir Tozu, Balata Tozu Temizleyici ve Pas Sökücü Ph Nötr - 4000 ml;Q2M-IR4000M;;;;;;
Gyeon Q²m Foam Araç Ön Yıkama Şampuanı Konsantre - 4000 ml - Yoğun Köpüklü Prewash Snow Foam;Q2M-FYA4000M;;;;;;
Gyeon Q²m Odorremover Kötü Koku Giderici Sprey - 500 ml -Çok Amaçlı Geniş Alan Kokusu;Q2M-OR500M;;;;;;
Gyeon Q²m Restartwash Konsantre Yüzey Yenileyici Şampuan 1000 ml;Q2M-RW1000M;;;;;;
Fra-Ber X-Xs Güçlü Ön Yıkama Köpüğü ve Sinek Böcek Temizleyici (1:60 Konsantre) - 25 kg;78784;;;;;;
Gyeon Q²m Total Remover Balmumu Wax Cila Çözücü Koruma Sökücü - 500 ml;Q2M-TOTR500M;;;;;;
Fra-Ber Gommalux Uzun Süreli Lastik Parlatıcı ve Koruyucu Sprey - 600 ml;70863;;;;;;
Gyeon Q²m Steering Wheel Cover Araç Direksiyon Koruyucu Kılıf Siyah - 1 Adet;Q2M-SWCOV;;;;;;
Fra-Ber Cream Leather Deri Bakım ve Koruyucu Parfümlü - 4,54 Lt;700468;;;;;;
Fra-Ber X-Xs Güçlü Ön Yıkama Köpüğü ve Sinek Böcek Temizleyici (1:60 Konsantre) - 5 kg;78783;;;;;;
Gyeon Q²m Clay Mild Evo Günlük Hafif Yüzey Temizleyici Kil Hamuru - 100 gr -Kimyasala Dayanıklı;Q2M-CME;;;;;;
Fra-Ber Kimyasal Dayanıklı Ölçekli Ithal Sprey Başlıklı Şişe (Yeşil) - 1000 ml;79586-644;;;;;;
Fra-Ber Bersolwax Seramik Içerikli Yeni Nesil Araç Yıkama Şampuanı - 1000 ml;701003;;;;;;
GYEON Q2M Wheel Brush Mikrofiber Jant Fırçası Orta Boy 38 cm;Q2M-BM;;;;;;
Gyeon Q2M WheelBrush Large Jant Fırçası;Q2M-BL;;;;;;
Innovacar 100% Degreasıng Anti Statik Çok Amaçlı Temizleyici Yağ Çözücü Konsantre - 500 ml;79406;;;;;;
Gyeon Q2 One Evo Light Box 100 ml;Q2-OLE100M;;;;;;
Gyeon Q2 Primer 1000 ml;Q2-PR1000M;;;;;;
Menzerna P14F Orta Kesici Katı Cila Beyaz Alüminyum Pirinç Paslanmaz Tek Adım Parlatıcı – 1300 gr;07163.056.001;;;;;;
Fra-Ber Polish Plus Antistatik Plastik, Trim, Vinil Yenileyici Bakım Spreyi (1:3 Konsantre) - 4.54 Lt;700209;;;;;;
Menzerna 3500 Super Finish Plus Hare Giderici 1 Litre;22911.261.001;;;;;;
Fra-Ber Fraber Innovacar S2 Foamy Yeşil Renkli Ph-Nötr Şampuan 1 Lt;700508;;;;;;
Fra-Ber Mega Conc Shiuma Güçlü Ön Yıkama Köpüğü (1:80 Konsantre) - 25 kg;73575;;;;;;
Innovacar N0 Odors Etkili Koku Giderici ve Önleyici - 500 ml;79415;;;;;;
Gyeon Q²m Tar Redefıned Zift Katran Reçine Temizleyici ve Yapışkan Sökücü - 1000 ml;Q2M-TR1000M;;;;;;
Gyeon Q² Leather Coat Redefıned Deri Yüzeyler Için Bakım ve Koruma - 120 ml;Q2-LCR120M;;;;;;
Fra-Ber Kimyasal Dayanıklı Ölçekli Ithal Sprey Başlıklı Şişe (Siyah) - 1000 ml;79588-644;;;;;;
Gyeon Q²m Wheelmitt Evo Jantlara Özel Dayanıklı Yıkama Eldiveni - 1250 Gsm;Q2M-WME;;;;;;
Cream Leather 750 ml Spray (Deri ve Iç Yüzey Bakım Kremi);70751;;;;;;
Menzerna 400 Yeşil Seri Heavy Comp. Ağır Çizik Gid. Pasta 250 ml;22200.281.001;;;;;;
Fra-Ber Turbowash B.s Lux Yüksek Performanslı Yağ Sökücü Deterjan (1:80 Konsantre) - 10 kg;74258;;;;;;
Gyeon Q2M Suede 20×20 cm;Q2M-S2020C;;;;;;
Gyeon Q²m Ppf Lift Ppf Folyo Konumlandırma Yeniden Montaj Sıvısı - 500 ml -Yoğun Konsantre;PPF-L500M;;;;;;
Gyeon Q² Fabriccoat Araç Kumaş Koltuk Tente Koruyucu - 400 ml - Seramik Bazlı Nano Su Itici;Q2-FCNA400M;;;;;;
Gyeon Q²m Tar Redefıned Zift Katran Reçine Temizleyici ve Yapışkan Sökücü - 4000 ml;Q2M-TR4000M;;;;;;
MENZERNA Sealing Wax Boya Koruma Cilası - 1 Lt;22870.261.001;;;;;;
Menzerna Krater Kuzu Yünü Polisaj Keçe 220MM/9';26906.099.001;;;;;;
Gyeon Quartz Gyeon Q2 Mohs Evo Light Box 50 ml;Q2-MLE50M;;;;;;
Fra-Ber Toglimoscerini Sinek Böcek Sökücü Sprey - 750 ml;76008;;;;;;
Gyeon Q²m Cure Redefined Araç Boya Koruma ve Bakım Spreyi - 250 ml -Seramik Bazlı Koruyucu Nano;Q2M-CRYA250M;;;;;;
Gyeon Q2 Syncro Evo Light Box 50 ml;Q2-SLE50M;;;;;;
Menzerna 2200 Medium Cut Polish Orta Der.Çizik Gid.Pasta 1 Lt;22771.261.001;;;;;;
Gyeon Q²m Apc Çok Amaçlı Genel Yüzey Temizleyici - 4000 ml -Konsantre Leke Çıkarıcı Yağ Çözücü;Q2M-APYA4000M;;;;;;
Fra-Ber Brilliant Drakar Antistatik Konsol ve Iç Plastik Temizleyici Parlatıcı Parfümlü - 600 ml;70894;;;;;;
Menzerna 3800 Super Finish Hare Giderici Cila 1 Lt;22992.261.001;https://www.menzerna.com/car-care/car-polish/products/details/super-finish-plus-3800;https://www.theultimatefinish.co.uk/products/menzerna-super-finish-plus-3800.aspx;https://www.springriver.eu/menzerna-super-finish-plus-3800.html;https://www.elitecarcare.co.uk/product/menzerna-super-finish-plus-3800-finishing-polish-1-litre/;https://www.slimsdetailing.co.uk/products/menzerna-super-finish-plus-3800;
Gyeon Q²m Total Remover Balmumu Wax Cila Çözücü Koruma Sökücü - 1000 ml;Q2M-TOTR1000M;https://www.polishedbliss.co.uk/products/gyeon-q-m-total-remover;https://www.cleanyourcar.co.uk/gyeon-q2m-total-remover;https://www.theultimatefinish.co.uk/products/gyeon-q2m-total-remover.aspx;https://www.tocsupplies.ca/products/gyeon-q-m-total-remover-500ml;https://carzilla.ca/products/gyeon-q2m-total-remover;https://www.detailedimage.com/Gyeon-M91/Total-Remover-P3565/500-ml-S1/
Gyeon Q²m Restartwash Seramik Kaplama Ppf Yenileyici Asidik Şampuan - 500 ml -Konsantre;Q2M-RWYA500M;https://detailingworldnj.com/products/gyeon-q2m-restart-wash-400ml;https://carzilla.ca/products/gyeon-q2m-restart-wash-400ml;https://www.detailedimage.com/Gyeon-M91/Restart-Wash-P2457/400-ml-S1/;https://gyeon.co/product/restartwash/;;
Menzerna P175 Süper Parlatıcı Katı Cila Sarı Çok Amaçlı Yüzey Parlatıcı – 1300 gr;07984.056.001;;;;;;
Menzerna 300 Super Heavy Cut Compound Yoğun Çizik Gid. Pasta 250 ml;22746.281.001;;;;;;
Gyeon Q2 Mohs Evo Light Box 100 ml;Q2-MLE100M;;;;;;
Gyeon Q2 AntiFog Buğu Önleyici 120ml;Q2-AF120M;;;;;;
Menzerna GW16 Parlatıcı Katı Cila Bej Plastik Kompozit Boyalı Yüzey Parlatıcı – 1200 gr;12002.056.001;;;;;;
Fra-Ber Innovacar S2 Foamy - Enzim Bazlı Yıkama Köpüğü 1lt;79283;;;;;;
Menzerna Hare Hologram Giderici Cila Süngeri 2li Paket (Yeşil) - 95MM;26909.099.001;;;;;;
Gyeon Quartz Q2m Polish-Silikonsuz Hare Giderici Cila 1 lt;Q2M-PO1000M;https://www.in2detailing.co.uk/products/gyeon-q2m-polish?variant=39415771562063;https://gyeon.co/product/polish/;;;;
Menzerna Heavy Cut Premium Kırmızı Pasta Süngeri 150mm;26900.224.010;https://www.menzerna.com/car-care/accessories/polishing-accessories/details/heavy-cut-foam-pad;https://intercash.pro/en/menzerna/5478-menzerna-foam-pad-heavy-cut-diam-150-mm-4260063012280.html;https://www.theultimatefinish.co.uk/products/menzerna-heavy-cut-foam-pad-red.aspx;https://www.springriver.eu/menzerna-heavy-cut-foam-pad-150mm.html;https://www.carcare24.eu/en/menzerna-heavy-cut-polishing-foam-pad-red-150mm.html;
Gyeon Q²m Tire Cleaner Araç Lastik Kauçuk Temizleyici - 500 ml -Güçlü Oto Teker Temizleyici;Q2M-TCYA500M;https://www.polishedbliss.co.uk/products/gyeon-q2m-tirecleaner;https://clean-garage.com/gyeon-q2m-tire-cleaner-500ml-highly-effective-rubber-cleaner/;https://www.cleanyourcar.co.uk/gyeon-q-m-tire-cleaner;https://www.carcareproducts.com.au/products/gyeon-q2m-tire-cleaner-500ml;https://detailing.com/products/gyeon-q2m-tire-cleaner-500-ml;https://carzilla.ca/products/gyeon-qm-tire-cleaner-1000ml
Fra-Ber Multıforce Çok Amaçlı Güçlü Yağ ve Kir Temizleyici (1:10 Konsantre) - 4,54 Lt;701010;https://www.gecegy.com/en/shop/fra-ber-multiforce-italian-multi-purpose-stubborn-dirt-degreaser-4-54l-8165;https://shop.fra-ber.it/en/products/sgrassatore-potente-per-motori-olio-grasso-multiforce?variant=43696420683984;;;;
Fra-Ber Lindo Cam, Lake ve Parlak Yüzey Temizleyici (1:10 Konsantre) - 5 kg;700466;https://detailingmania.lv/en/products/fra-ber-lindo-4-54l-10---110---glass-cleaner;https://shop.fra-ber.it/en/products/detergente-per-vetri-auto-professionale-lindo?variant=43691459674320;;;;
Menzerna Rotary Polisaj Makineleri Matkap İçin Dayanıklı Ped Destek Disk Tabanlık - 75 mm;26934.099.001;https://detailerplace.com/en/product/menzerna-polishing-pad-holder-rotary/;https://www.cleanyourcar.co.uk/menzerna-3-75mm-rotary-backing-plate;https://www.menzerna.com/car-care/accessories/polishing-accessories/details/premium-backing-plate;https://www.iclean.at/en/menzerna-backing-plate-75mm;;
Gyeon Q²m Coating Applicator Light Çift Taraflı Seramik Boya Yüzey Uygulama Pedi - 10'lu Paket;Q2M-CAP10P;https://gyeon.co/product/coating-applicator/;https://www.detailedimage.com/Gyeon-M91/Coating-Applicator-2-Pack-P2461/;https://carzilla.ca/products/gyeon-q-m-coating-applicator-2-pack;https://www.carcareproducts.com.au/products/gyeon-q2m-suede-applicators-10x10-10-pack;;
Gyeon Q²m Interiordetailer Araç Içi Temizleyici - 4000 ml -Alkol Bazlı Dezenfektan;Q2M-IDYA4000M;https://esotericcarcare.com/products/gyeon-q2m-interior-detailer;https://gyeon.co/product/interior-detailer/;https://www.detailstore.com.au/products/gyeon-q2m-interior-detailer-500ml;https://www.tocsupplies.ca/products/gyeon-q-m-interior-detailer-500ml-1l-4l;https://www.carclean.com/en/gyeon-q2m-interiordetailer-4000-ml.html;https://www.detailedimage.com/Gyeon-M91/Interior-Detailer-P2482/4-L-S3/
Fra-Ber Multıforce Çok Amaçlı Güçlü Yağ ve Kir Temizleyici Sprey - 600 gr;701040;https://shop.fra-ber.it/en/products/sgrassatore-potente-per-motori-olio-grasso-multiforce?variant=43696420683984;;;;;
Menzerna Marin Gelcoat Boya 3in1 Tek Adım Pasta Cila Koruma - 1 Lt;24011.261.080;https://www.menzerna.com/boat-care/boat-polish/details/gelcoat-premium-one-step-polish;https://www.detailedimage.com/Menzerna-M10/3in1-Cut-Gloss-Wax-P980/8-oz-S1/;https://carzilla.ca/products/menzerna-gelcoat-premium-one-step-polish;;;
Gyeon Q² Wax Hidrofobik Parlatıcı Boya Koruma 175GR;Q2-W175G;https://gyeon.co/product/wax/;https://carzilla.ca/products/gyeon-q-wax-175g;https://www.polishedbliss.co.uk/products/gyeon-q-wax;https://www.detailedimage.com/Gyeon-M91/Wax-P2451/;;
Innovacar 0 Ammonıa Amonyaksız Cam Temizleyici Konsantre - 500 ml;700396;https://rentek.ie/products/innovacar-0-ammonia-glass-cleaner;https://thehouseofrags.com/products/0-ammonia-glass-cleaner;https://en.innovacar.it/products/pulitore-vetri-auto-0-ammonia-glass-cleaner;;;
Fra-Ber Fraber Innovacar S2 Foamy Mavi Renkli Ph-Nötr Şampuan 1 Lt;700507;https://jmproducts.be/en/products/innovacar-s2-foamy-color-blue;https://carzilla.ca/products/innovacar-s2-foamy-blue-flower-colored-foam;https://thecarcarebn.com/products/innovacar-s2-foamy-blue-flower-shampoo;https://thehouseofrags.com/products/s2-foamy-blue-flower;https://rentek.ie/products/innovacar-ds-scale-1l-copy;https://en.innovacar.it/products/shampoo-foam-auto-ph-neutro-s2-foamy-color-blu
Menzerna Cut Force Pro Altın Seri Ağır Çizik Giderici Kalın Pasta - 250 ml;22203.281.001;https://carzilla.ca/products/menzerna-cut-force-pro-speed-compound;https://carzilla.ca/products/menzerna-cut-force-pro-speed-compound;;;;
Menzerna Ince Kesim Ara Kat Pasta Süngeri 2li Paket (Sarı) - 95MM;26908.099.001;https://www.springriver.eu/menzerna-medium-cut-foam-pad-yellow-95-mm.html;https://www.theultimatefinish.co.uk/products/menzerna-medium-cut-foam-pad-yellow.aspx;https://www.thepolishingshop.co.uk/medium-cut-foam-pad-95mm-yellow-menzerna-premium-415507;https://www.menzerna.com/car-care/accessories/polishing-accessories/details/soft-cut-foam-pad;;
Gyeon Q²m Tar Redefıned Zift Katran Reçine Temizleyici ve Yapışkan Sökücü - 500 ml;Q2M-TR500M;https://carzilla.ca/products/gyeon-q2m-tar-redefined;https://www.gyeon.be/en/shop/q2m-tar-redefined-2467;https://www.detailedimage.com/Gyeon-M91/Tar-P1426/500-ml-S1/;https://www.autogeek.net/gyeon-tar-500.html;;
Fra-Ber Reef Marin Krom ve Çelik Parçalar Için Pas ve Kireç Çözücü - 750 ml;75130;https://shop.fra-ber.it/en/products/disincrostante-e-anticalcare-per-barche-reef?variant=43675767767248;https://detailingmania.lv/en/products/fra-ber-ko-iron-750ml---wheel-cleaner-and-de-ironiser;https://www.gecegy.com/en/shop/fra-ber-ko-iron-italian-cleaner-disinfectant-for-body-wheel-750ml-5313;https://www.noon.com/saudi-en/frapper-rim-cleaner-iron-rust-remover-750-ml/Z21FDEC03491E36B8E8E2Z/p/;;
Gyeon Q2M Kneel Mat;Q2M-KM;https://gyeon.de/GYEON-QM-KneelMat;https://themicrofibershop.com/products/gyeon-q-m-kneel-mat;https://www.carcareproducts.com.au/products/gyeon-q2m-kneel-mat;https://www.goldlabelcarcare.co.uk/products/gyeon-q2m-kneel-mat;https://www.mycarcleaning.co.uk/products/gyeon-q2m-kneel-mat;
Gyeon Q2 One Evo Light Box 50 ml;Q2-OLE50M;https://www.detailedimage.com/Gyeon-M91/One-Evo-P2587/50-ml-S2/;https://carzilla.ca/products/gyeon-one-evo-lightbox-30ml-50ml-100ml;https://gyeonusa.com/products/q-one-evo;;;
Fra-Ber Bersolux Cilalı Köpüklü Manuel Araç Yıkama Şampuanı (1:120 Konsantre) - 25 kg;70616;https://shop.fra-ber.it/en/products/shampoo-per-auto-professionale-bersolux?variant=43696406462672;https://store.ecoclean-sa.com/en/products/39c27edb-1128-4f6f-8d88-5044e5f02cee;https://www.autopia.ie/product/bersolux-1l-polishing-shampoo/;;;
Fra-Ber Sentetik Güderi Bez Süper Kurulama Bezi 300 gr - 54X44 cm;70919;https://hamiltonclassic.co.uk/products/absorber-chamois;https://elhuria.com/en/product/6241-italian-rim-cleaner-(without-discolouration)-750-ml-fra-ber-lega;https://shop.fra-ber.it/en/products/panno-in-pelle-per-auto-super-assorbente;;;
Fra-Ber Lava Interni B Aroma Enzimli Genel Amaçlı Detaylı Araç Temizleyici (1:40 Konsantre) - 5 kg;75614;https://www.fra-ber.it/en/car-wash-detergents/interior-and-glass-detergents/lava-interni-b-aroma/;https://www.gecegy.com/en/shop/fra-ber-lava-interni-b-aroma-italian-intensive-detergent-for-fabrics-5l-5303;https://www.autopia.ie/product/fra-ber-lava-interni-b-aroma-fabric-cleaner/;;;
Fra-Ber Deotex Kötü Koku Giderici Tazeleyici Araç Parfümü Sprey - 750 ml;701610;https://shop.fra-ber.it/en/products/cattura-rimuovi-elimina-odori-auto-deotex?variant=43740349333712;https://www.gecegy.com/en/shop/fra-ber-deotex-plus-sany-italian-deodorizing-sanitizing-treatment-250ml-9097;https://detailersa.com/products/deotex;;;
Fra-Ber Kimyasal Dayanıklı Ölçekli Canyon Sprey Başlıklı Şişe (Yeşil) - 1000 ml;79586-643;https://shop.fra-ber.it/en/products/flaconi-graduati-da-1-litro-fra-ber?variant=43680672186576;https://detailersa.com/products/graduated-1l-bottle-only;;;;
Fra-Ber Innovacar Innovacar D3 Tar Yağlı Artıklar, Katran, Asfalt ve Mumlar Için Yağ Çözücü;79293;https://thehouseofrags.com/products/d3-tar;https://ledakcijas.lv/en/products/copy-of-bezudens-mazgasanas-lidzeklis-fra-ber-lustradry-750ml;https://detailingmania.lv/en/products/innovacar-d3-tar-500ml---tar-and-glue-remover;https://jmproducts.be/en/products/innovacar-d3-tar;https://en.innovacar.it/products/sciogli-catrame-e-rimuovi-resina-auto-d3-tar;
Fra-Ber Fraber Ko Demir Tozu Temizleyici 4,54 Lt;700210;https://www.gecegy.com/en/shop/fra-ber-ko-iron-italian-cleaner-disinfectant-for-body-wheel-4-54l-5311;https://www.bkap.eu/products/fra-ber-ko-iron-removedor-de-ferro-e-decontaminante-ferroso-4-54l;https://www.patriotis.com/en/fra-ber-ko-iron-454l;https://www.fra-ber.it/en/car-wash-detergents/rims-cleaning-and-tyres-shine/ko-iron/;;
Fra-Ber Pulitore Cerchi Enzimli Jant ve Balata Tozu Temizleyici Sprey - 750 ml;76006;https://www.gecegy.com/en/shop/fra-ber-lega-italian-degreaser-for-rims-tires-750ml-5312;https://jmproducts.be/en/products/fra-ber-lega;https://shop.fra-ber.it/en/products/detergente-sgrassatore-pulitore-cerchi-lega?variant=43691867635920;;;
Gyeon Q²m Mf Applicator Evo Parmak Tip Uygulama Aplikatörü - 2li Paket;Q2M-MFAE;https://gyeon.de/GYEON-QM-MF-Applicator-EVO-2-pieces;https://www.carclean.com/nl/gyeon-q2m-mf-applicator-evo-2-pack.html;https://www.detailedimage.com/Gyeon-M91/MF-Applicator-P1848/2-pack-S1/;https://www.polishedbliss.co.uk/products/gyeon-q2m-mf-applicators;https://carzilla.ca/products/gyeon-q-mf-applicator-2-pack;
Gyeon Q²m Compound+ Plus Redefıned Ağır Çizik Giderici Kalın Pasta - 1000 ml;Q2M-CMPR1000M;https://www.polishedbliss.co.uk/products/gyeon-q2m-compound-plus;https://www.polishedbliss.co.uk/products/gyeon-q2m-compound-plus;https://carzilla.ca/products/gyeon-q2m-compound-plus-redefined;https://gyeon.co/product/compound-plus-redefined/;;
Gyeon Q²m Prep Seramik Ppf Folyo Kaplama Öncesi Yüzey Hazırlayıcı ve Temizleyici - 1000 ml;Q2M-PYA1000M;https://gyeon.co/product/prep/;https://carzilla.ca/products/gyeon-q2m-prep-500ml;https://www.autogeek.net/gyeon-prep-liter.html;https://www.cleanandshiny.co.uk/products/gyeon-q2m-prep-500ml;https://www.goldlabelcarcare.co.uk/products/gyeon-q2m-prep;https://www.detailedimage.com/Gyeon-M91/Prep-P1420/500-ml-S1/
Gyeon Q²m Cure Redefined Araç Boya Koruma ve Bakım Spreyi - 100 ml -Seramik Bazlı Koruyucu Nano;Q2M-CRYA100M;https://gyeon.co/product/cure-redefined/;https://www.polishedbliss.co.uk/products/gyeon-q2m-cure#product.info.description;https://carzilla.ca/products/gyeon-cure-redefined;;;
Gyeon Q²m Leatherwipe evo Deri Aksamlara Özel Temizleme Bezi 2'li Paket - 40X40 cm;Q2M-LWE40402P;https://gyeonusa.com/products/leather-wipe-evo;https://autojoy.shop/products/gy-q2m-leatherwipe-evo;https://www.gsfcarparts.com/products/q-m-leatherwipe-evo-40x40-cm-pack-of-2-brnglwe402;https://carzilla.ca/products/gyeon-q2m-leather-wipe-evo;;
Fra-Ber Spumone Self Yağ Çözücü Güçlü Ön Yıkama Köpüğü - 1000 ml;700387;https://shop.fra-ber.it/en/products/prodotto-prelavaggio-auto-e-detergente-spumone-self?variant=43696501948624;https://elhuria.com/en/product/6232-sabamone-high-concentration-outdoor-foam-1-liter-fra-ber-spumone-self;;;;
Fra-Ber Bean Classic Man Spray - Maskülen Erkek Kokusu Oto Kokusu – 150ML;76389;https://www.autopia.ie/product/fra-ber-bean-classic-air-freshener/;;;;;
Fra-Ber Lustratouch Mum Bazlı Boya Koruyucu ve Parlatıcı - 5 Lt;75182;https://shop.fra-ber.it/en/products/cera-spray-per-auto-e-polish-lucidante-lustratouch?variant=43664817586384;;;;;
Gyeon Q2 Ppf Seramik Kaplama 50 ml;Q2-PPFE50M;https://carzilla.ca/products/gyeon-ppf-evo-ceramic-coating-50ml;https://www.polishedbliss.co.uk/products/gyeon-q2-ppf-evo;https://www.detailedimage.com/Gyeon-M91/PPF-Evo-P3096/50-ml-S1/;;;
Fra-Ber Brillant Plastik Vinil Ahşap Için Koruyucu Cila;74598;https://shop.fra-ber.it/en/products/lucida-cruscotti-professionale-auto-brilliant?variant=43698062655696;;;;;
Menzerna Power Lock Ultimate Protection-Üstün Boya Koruma 1 Lt;22070.261.001;https://carzilla.ca/products/menzerna-power-lock-ultimate-protection-32oz;https://www.menzerna.com/car-care/car-polish/products/details/power-lock-ultimate-protection;https://www.theultimatefinish.co.uk/products/menzerna-power-lock.aspx;;;
Fra-Ber Kimyasal Dayanıklı Ölçekli Canyon Sprey Başlıklı Şişe (Siyah) - 1000 ml;79588-643;https://www.patriotis.com/en/fra-ber-spray-bottle-blue-1l;https://ashupads.in/products/fra-ber-color-coded-chemical-resistant-spray-bottles-1000ml-with-dilution-ratio-guide-blue-black-green;https://shop.fra-ber.it/en/products/flaconi-graduati-da-1-litro-fra-ber?variant=43680672186576;;;
Fra-Ber Lega Jant, Balata, Toz Temizleyici, Parlatıcı 750 Ml;70864;https://shop.fra-ber.it/en/products/detergente-sgrassatore-pulitore-cerchi-lega?variant=43691867635920;https://elhuria.com/en/product/6241-italian-rim-cleaner-(without-discolouration)-750-ml-fra-ber-lega;https://www.gecegy.com/en/shop/fra-ber-lega-italian-degreaser-for-rims-tires-750ml-5312;https://detailingmania.lv/en/products/fra-ber-lega-750ml---wheel-cleaner-7784;https://www.autopia.ie/product/fra-ber-lega-wheel-cleaner-ready-to-use/;https://store.ecoclean-sa.com/en/products/aa1a1ccd-6ed8-4ec1-b3f2-5b5ee98e6ebb
Menzerna Soft Cut Premium Yeşil Hare Giderici Cila Süngeri 150 mm;26900.224.012;https://www.menzerna.com/car-care/accessories/polishing-accessories/details/soft-cut-foam-pad;https://gbdetailing.com/products/menzerna-foam-pad-green-soft-cut-150mm-6;;;;
Gyeon Q2 Primer 120 ml;Q2-PR120M;https://gyeon.co/product/primer/;https://www.detailedimage.com/Gyeon-M91/Primer-P1476/120-ml-S1/;https://www.polishedbliss.co.uk/products/gyeon-q2-primer#product.info.description;https://www.mycarcleaning.co.uk/products/gyeon-q2-primer;https://www.professionaldetailingproducts.com/products/gyeon-q2-primer-120ml;
Gyeon Q²m Trim Cleaner Anti-Statik Plastik Trim Vinil Motor Parçalara Özel Temizleyici - 500 ml;Q2M-TRC500M;https://www.detailedimage.com/Gyeon-M91/Vinyl-Cleaner-P1517/500-ml-S1/;https://carzilla.ca/products/gyeon-q2m-trim-cleaner;https://www.polishedbliss.co.uk/products/gyeon-q2m-trim-cleaner#product.info.description;https://www.goldlabelcarcare.co.uk/collections/frontpage/products/gyeon-q-m-trim-cleaner-500ml;https://urbanwerksdetailshop.com/products/gyeon-vinyl-cleaner;https://www.cleanandshiny.co.uk/products/gyeon-q2m-trimcleaner
Fra-Ber Kimyasal Dayanıklı Ölçekli Canyon Sprey Başlıklı Şişe (Mavi) - 1000 ml;79587-643;https://shop.fra-ber.it/en/products/pompa-precompressione-manuale-2-litri-spray-pump?variant=43682745221328;;;;;
Gyeon Q²m Seat Cover Araç Ön Koltuk Koruyucu Kılıf Siyah - 1 Adet;Q2M-SCOV;https://autojoy.shop/products/qy-q2m-seatcover;https://www.ghm.lt/shop/en/safety-equipment-and-tools/1383-gyeon-qm-seatcover.html;https://themicrofibershop.com/products/gyeon-q-m-seatcover;https://www.carclean.com/en/gyeon-q2m-seatcover.html;https://2js.co.za/product/gyeon-q%C2%B2m-seat-covers/;https://detailingmania.lv/en/products/gyeon-q2m-seat-cover---seat-cover
Fra-Ber Innovacar Innovacar S1 Wash & Coat - Seramikli Boya Koruyucu Şampuan - 1lt;79286;https://carzilla.ca/products/innovacar-s1-wash-coat;https://jmproducts.be/en/products/innovacar-s1-wash-coat;https://liquidmaster.pl/en/innovacar-s1-wash-coat-1l-szampon-z-sio2/;https://detailersa.com/products/s1-wash-and-coat-innovacar;https://thehouseofrags.com/products/s1-wash-coat;https://innovacar.ie/products/innovacar-s1-wash-and-coat
Menzerna Medium Cut Premium Sarı Pasta Süngeri 150mm;26900.224.011;https://www.menzerna.com/car-care/accessories/polishing-accessories/details/medium-cut-foam-pad;https://www.thepolishingshop.co.uk/medium-cut-foam-pad-yellow-menzerna-premium-415505;https://www.theultimatefinish.co.uk/products/menzerna-medium-cut-foam-pad-yellow.aspx;https://www.polishedbliss.co.uk/products/menzerna-medium-cut-foam-pad#product.info.description;https://www.autofresh.in/menzerna-medium-cut-foam-pad-yellow/;https://www.carcare24.eu/en/menzerna-medium-cut-polishing-foam-pad-yellow-150mm.html
Menzerna Polisaj Dayanıklı Tabanlığı Kırmızı 123 MM;26931.099.001;https://www.menzerna.com/car-care/accessories/polishing-accessories/details/premium-backing-plate;https://menzerna-shop.de/Menzerna-Premium-backing-pad-123mm-damped-for-150-mm-pads-M14;https://www.springriver.eu/menzerna-premium-backing-plate-123-mm.html;https://maazzo.com/products/menzerna-backing-plates-for-premium-pads;;
Menzerna Heavy Cut Compound 400 Green Line 1 Lt;22200.261.001;https://www.menzerna.com/car-care/car-polish/products/details/heavy-cut-compound-400-green-line;https://www.detailedimage.com/Menzerna-M10/Fast-Gloss-400-Compound-P688/8-oz-S2/;;;;
Gyeon Q2 Syncro Evo Light Box 30 ml;Q2-SLE30M;https://gyeon.co/product/syncro-evo/;https://carzilla.ca/products/gyeon-syncro-evo-lightbox-30ml-50ml;https://www.detailedimage.com/Gyeon-M91/Syncro-Evo-P2590/30-ml-Kit-S1/;;;
Gyeon Q² View Evo Cam Su Itici Yağmur Kaydırıcı Seramik Kaplama - 20 ml;Q2-VE20M;https://www.theultimatefinish.co.uk/products/gyeon-q2-view-evo.aspx?variant=7070;https://www.polishedbliss.co.uk/products/gyeon-q2-view-evo#product.info.description;https://www.autogeek.net/gyeon-view.html;https://gyeon.co/product/view-evo/;;
Menzerna Rotary Polisaj Makineleri İçin Esnek ve Dayanıklı Ped Destek Disk Tabanlık - 148 mm;26935.099.001;https://motodox.de/Menzerna-Premium-backing-pad-148mm-damped-for-180-mm-pads-M14;https://menzerna-shop.de/Menzerna-Premium-backing-pad-148mm-damped-for-180-mm-pads-M14;https://www.springriver.eu/menzerna-premium-backing-plate-148-mm.html;https://www.menzerna.com/car-care/accessories/polishing-accessories/details/premium-backing-plate;;
Fra-Ber Gommanera Lastik Parlatıcı (1:5 Konsantre) - 5 kg;71706;https://www.fra-ber.it/en/car-wash-detergents/rims-cleaning-and-tyres-shine/gommanera-superlux/;;;;;
Innovacar %100 Scale Su Izi Temizleyici Kireç Çözücü ve Önleyici Konsantre - 4,54 Lt;701350;https://en.innovacar.it/products/decontaminante-anticalcare-per-auto-carrozzeria-vetri-e-fari-100-scale/;https://detailersa.com/products/100-scale;https://carzilla.ca/products/innovacar-100-scale;https://thehouseofrags.com/products/100-scale-by-innovacar;https://detailingmania.lv/en/products/innovacar-ds-scale-1l-concentrate---waterspotscale-remover;
Gyeon Q2M Polish Hare Giderici Cila 120 ml.;Q2M-PO120M;https://www.detailstore.com.au/en-cn/products/gyeon-q2m-polish-120ml;https://gyeon.co/product/polish/;https://www.polishedbliss.co.uk/products/gyeon-q2m-polish#product.info.description;;;
Fra-Ber Nanotech Koruyucu ve Parlatıcı Hızlı Cila Vişne Kokulu (1:200 Konsantre) - 1000 ml;74062;https://www.fra-ber.it/en/car-wash-detergents/waxes/nanotech-self-cherry/;;;;;
Fra-Ber Innovacar Sp1 Prewash Enzimli Ön Yıkama Şampuanı Konsantre - 1 Lt;79280;https://en.innovacar.it/products/detergente-shampoo-prelavaggio-auto-sp1-prewash/;https://detailingmania.lv/en/products/innovacar-sp1-prewash-1l---active-foam;https://carzilla.ca/products/innovacar-sp1-prewash;https://rentek.ie/products/innovacar-w1-quick-detailer-500ml-copy;;
Fra-Ber Tex Kumaş Temizleyici ve Koruyucu Köpük 600ML.;70901;https://shop.fra-ber.it/en/products/smacchiatore-pulitore-tessuti-e-sedili-auto-tex?variant=43696801677520;https://detailersa.com/products/tex-600ml-fra-ber;https://elhuria.com/en/product/6243-fra-ber-tex-interior-cleaning-foam-upholstery-leather-cleaner-600ml;https://www.gecuae.com/shop/fra-ber-tex-italian-active-foam-cleans-600ml-5302;;
Menzerna Yeni 400 Ağır Çizik Giderici Kalın Pasta - 1 kg;22202.260.001;https://www.menzerna.com/car-care/car-polish/products/details/heavy-cut-compound-400;https://www.detailedimage.com/Menzerna-M10/Fast-Gloss-400-Compound-P688/128-oz-S3/;https://carzilla.ca/products/fg400-fast-gloss-compound-32oz;https://www.polishedbliss.co.uk/products/menzerna-heavy-cut-compound-400-fg400#product.info.description;;
Innovacar %100 Scale Su Izi Temizleyici Kireç Çözücü ve Önleyici Konsantre - 500 ml;701344;https://rentek.ie/products/innovacar-sp1-prewash-1l-copy-1;https://thehouseofrags.com/products/100-scale-by-innovacar;https://detailingmania.lv/en/products/innovacar-ds-scale-1l-concentrate---waterspotscale-remover;https://en.innovacar.it/products/decontaminante-anticalcare-per-auto-carrozzeria-vetri-e-fari-100-scale;;
Fra-Ber Lava Interni B Genel Amaçlı Detaylı Araç Temizleyici (1:25 Konsantre) - 5 kg;71675;https://www.fra-ber.it/en/car-wash-detergents/interior-and-glass-detergents/lava-interni-b-aroma/;https://www.autopia.ie/product/fra-ber-lava-interni-b-aroma-fabric-cleaner/;https://www.kemitek.lv/en/prc/1107-17/fra-ber-lava_interni_b_aroma/;https://detailingmania.lv/en/products/fra-ber-green-line-lava-interni-b-aroma-5kg-125---150---all-purpose-cleaner;;
Fra-Ber Lavavetro Estıvo Cam Suyu Katkısı Parfümlü - 1000 ml;701606;https://shop.fra-ber.it/en/products/liquido-additivo-tergicristalli-estivo-no-insect?variant=43708149924048;https://www.gecegy.com/en/shop/fra-ber-pulitutto-italian-multi-purpose-cleaner-1000ml-5300;;;;
Frabes Innovacar Sc2 Dressing - Plastik, Vinil, Deri, Kauçuk Ve Akrilik Yüzey Koruyucu - 500ml Inn;79298;https://en.innovacar.it/products/rigeneratore-plastiche-auto-sc2-dressing;https://thehouseofrags.com/products/sc2-dressing;https://rentek.ie/products/innovacar-sc0-hydro-sealant-500ml-copy;;;
Gyeon Quartz Q1 Premium Maskeleme Bantı 48mm x 50 mm 1 Adet;MT14850M;https://rollroy.com/uk/q1-premium-masking-tape-50-mm-x-50-mtr-301050;https://www.mypaintbrush.co.uk/q1-premium-masking-tape-2;https://refinishsupplies.co.uk/product/48mm-premium-automotive-masking-tape-box-20/;https://www.ccpaints.co.uk/product-page/q1-premium-automotive-masking-tape-48mm-2;https://www.q1tapes.com/en/automotive/masking-tapes/masking-tape-product/q1-premium-masking-tape;
Gyeon Q² One Evo Light Box Araç Seramik Kaplama - 30 ml - 9h Oto Boya Koruma-Su Itici;Q2-OLE30M;https://gyeonusa.com/products/q-one-evo-kit;https://www.polishedbliss.co.uk/products/gyeon-q2-one-evo-light#product.info.description;https://carzilla.ca/products/gyeon-q2-one-evo-30ml-50ml;;;
Fra-Ber Ko Iron Demir Tozu Sökücü ve Jant Temizleyici - 750 ml;700482;https://www.fra-ber.it/en/car-wash-detergents/rims-cleaning-and-tyres-shine/ko-iron/;https://www.patriotis.com/en/fra-ber-ko-iron-454l;https://www.gecegy.com/en/shop/fra-ber-ko-iron-italian-cleaner-disinfectant-for-body-wheel-750ml-5313;https://www.detailedimage.com/DIY-Detail-M141/Iron-Remover-P3332/16-oz-S1/;https://www.polishedbliss.co.uk/products/carpro-ironx#product.info.description;https://carzilla.ca/products/carpro-ironx-cherry-500ml
Fra-Ber Neve Yoğun Köpüklü Araç Yıkama Şampuanı Cilalı Parfümlü Oto Köpüğü - 1 Lt;701801;https://www.fra-ber.it/en/car-wash-detergents/foam-shampoo/neve/;https://www.labocosmetica.com/product/neve-best-snow-foam-prewash-neutral-shampoo-gun-detailing/;;;;
Menzerna Likit Matlaştırıcı Pasta - 1 Lt;20144.261.001;https://www.killerbrands.co.uk/products/menzerna-liquid-matt-1-litre;https://www.theultimatefinish.co.uk/products/menzerna-liquid-matt.aspx;https://motorsportandspares.com/products/menzerna-liquid-matt-1-litre;https://www.detailedimage.com/Menzerna-M10/Liquid-Matt-Surface-Prep-P868/1-L-S1/;;
Gyeon Q²m Prep Seramik Ppf Folyo Kaplama Öncesi Yüzey Hazırlayıcı ve Temizleyici - 500 ml;Q2M-PYA500M;https://gyeon.co/product/prep/;https://www.cadetailing.co.uk/products/gyeon-q-m-prep-500-ml;https://www.goldlabelcarcare.co.uk/products/gyeon-q2m-prep;https://carzilla.ca/products/gyeon-q2m-prep-500ml;https://www.polishedbliss.co.uk/products/gyeon-q2m-prep#product.info.description;
Gyeon Q2M Compound 120 ml;Q2M-CM120M;https://www.polishedbliss.co.uk/products/gyeon-q2m-compound#product.info.description;https://gyeon.co/product/compound/;https://carzilla.ca/products/gyeon-q2m-compound-plus-redefined;https://www.cleanyourcar.co.uk/gyeon-q-m-compound;https://whitewatersolution.com/gyeon/polishing/;https://www.detailedimage.com/Gyeon-M91/Primer-P1476/120-ml-S1/
Gyeon Q²m Leatherset Natural Modern Deri Günlük Hafif Temizlik ve Bakım Seti (5 Parça) - 200 ml;Q2M-LSN200M;https://gyeon.co/product/leather-set-natural/;https://carzilla.ca/products/gyeon-q2m-leather-set-natural;https://www.cleanyourcar.co.uk/gyeon-q2m-odor-remover-pads;https://www.polishedbliss.co.uk/products/gyeon-q-m-leather-set-natural#product.info.description;https://www.mycarcleaning.co.uk/products/gyeon-q2m-leather-set-natural;https://www.detailstore.com.au/products/gyeon-q2m-leather-set-mild-200ml
Fraber Innovacar Innovacar H2O Coat Anlık Hidrofobik Güçlendirici 1l;79304;https://carzilla.ca/products/innovacar-h2o-coat;https://rentek.ie/products/innovacar-ds-scale-1l-copy-1;https://detailingmania.lv/en/products/innovacar-h2o-coat-1l---nano-wax-water-repellent;https://h2oautodetailsupply.com/products/innovacar-h2o-coat;https://www.autopia.ie/product/innovacar-h20-coat/;https://thehouseofrags.com/products/h2o-coat
Menzerna Power Finish 2500 - Hare Giderici Cila 1Lt.;22828.261.001;https://www.menzerna.com/car-care/car-polish/products/details/medium-cut-polish-2500;https://www.detailedimage.com/Menzerna-M10/Power-Finish-PF-2500-PO203-P649/32-oz-S2/;https://carzilla.ca/products/pf-2500-power-finish-polish;https://clean-garage.com/menzerna-2500-medium-cut-polish-32oz-m-2500q-quart/;https://www.autogeek.net/menzerna-polish-po203.html;https://auto-brite.ca/product/menzerna-2500-medium-cut/
Gyeon Q²m Glass Polish Cam Pastası Leke Temizleyici Kireç Çözücü Hafif Çizik Giderici - 250 ml;Q2M-GP250M;https://gyeon.co/product/glass-polish/;https://carzilla.ca/products/gyeon-q2m-glasspolish;https://www.cleanyourcar.co.uk/gyeon-q2m-odor-remover-pads;https://autojoy.shop/products/qy-q2m-glasspolish;https://detailculture.com/products/gyeon-q2m-glass-polish;https://www.theultimatefinish.co.uk/products/gyeon-q2m-glass-polish.aspx
Gyeon Q²m Iron Wheel Cleaner Redefıned Jant Temizleyici Demir Tozu Balata Tozu Çözücü - 4000 ml;Q2M-IWCR4000M;https://gyeon.co/product/iron-wheelcleaner-redefined/;https://carzilla.ca/products/gyeon-q2m-iron-wheel-cleaner-redefined;https://www.cleanyourcar.co.uk/gyeon-iron-wheel-cleaner;https://www.polishedbliss.co.uk/products/gyeon-q2m-iron-wheel-cleaner-redefined#product.info.description;https://www.gsfcarparts.com/products/q-m-iron-wheelcleaner-redefined-4000-ml-brngiwc4000r;https://www.theultimatefinish.co.uk/products/gyeon-q2m-iron-wheel-cleaner-redefined.aspx
Gyeon Q2M Coating Applicator 2-Pack;Q2M-CA2P;https://carzilla.ca/products/gyeon-q-m-coating-applicator-2-pack;https://www.cleanandshiny.co.uk/products/gyeon-q2m-coating-applicator-2-pack;https://www.detailedimage.com/Gyeon-M91/Coating-Applicator-2-Pack-P2461/;https://www.carclean.com/en/gyeon-q2m-coating-applicator-2-pack.html;https://www.in2detailing.co.uk/products/gyeon-q2m-coating-applicator?variant=39670052520015;https://www.theultimatefinish.co.uk/products/gyeon-q2m-coating-applicator.aspx
"Menzerna Premium Orbital Kuzu Yünü Polisaj Keçesi 165MM/6,5""";26915.099.001;https://www.menzerna.com/car-care/accessories/polishing-accessories/details/orbital-wool-pad;https://www.polishedbliss.co.uk/collections/new-products/products/menzerna-orbital-wool-pad#product.info.description;https://www.springriver.eu/menzerna-orbital-wool-pad-165-mm.html;https://www.ghm.lt/shop/en/wool-pads/1374-menzerna-orbital-wool-pad-lambswool-polishing-pad.html;https://www.ghm.lt/shop/en/wool-pads/1374-menzerna-orbital-wool-pad-lambswool-polishing-pad.html;https://detailmate.de/Menzerna-Premium-Orbital-Wool-Pad-165mm-65_1
Menzerna M5 Süper Parlatıcı Katı Cila Beyaz Değerli Metaller Paslanmaz Çelik Boyalı Yüzey Parlatıcı;07933.056.001;https://eickelit.com/en/menzerna-m5-super-finish-compound-sku-300-m5.html;https://watchmakershop.com/products/menzerna-polishing-paste-m5-for-stainless-steel-precious-metals-and-lacquer-0-500-kg;https://carzilla.ca/products/menzerna-m5-precious-metal-super-finish;https://msdistributorspr.com/products/m5-super-finishing-paste-compound;;
Menzerna Cut Force Pro Altın Seri Ağır Çizik Giderici Kalın Pasta - 1 Lt;22203.261.001;https://www.menzerna.com/car-care/car-polish/products/details/cut-force-pro;https://www.theultimatefinish.co.uk/products/menzerna-cut-force-pro.aspx;https://www.cleanyourcar.co.uk/menzerna-cut-force-pro;https://carzilla.ca/products/menzerna-cut-force-pro-speed-compound;https://www.polishedbliss.co.uk/products/menzerna-cut-force-pro#product.info.description;https://www.carcare24.eu/en/menzerna-cut-force-pro-one-step-polishing-compound-1l.html
Gyeon Q² Rim Evo Jantlara Özel Koruyucu Seramik Kaplama - 30 ml;Q2-RE30M;https://gyeon.co/product/rim-evo/;https://carzilla.ca/products/gyeon-rim-evo;https://esotericcarcare.com/products/gyeon-q2-rim-evo;https://www.autogeek.net/gyeon-rim.html;https://mrcleaner.pl/en/rim-protection/gyeon-q2-rim-evo-30ml;
Gyeon Q²m Odorremover Pads Kötü Koku Giderici Ped - 4'lü Paket -Çok Amaçlı Koku Giderici;Q2M-ORP4P;https://www.mycarcleaning.co.uk/products/gyeon-q2m-odor-remover-pads;https://autolab.bg/en/product/4745/gyeon-q2m-odorremover-pads-4pack.html;https://www.detailstore.com.au/products/gyeon-q2m-odor-remover-pads-4-pack;https://www.gsfcarparts.com/products/brngorp4;https://www.in2detailing.co.uk/products/gyeon-q2m-odor-odour-remover-pads?variant=53273073189251;https://www.cleanandshiny.co.uk/products/gyeon-q2m-odor-remover-pads
"Menzerna Premium Orbital Kuzu Yünü Polisaj Keçesi 140 Mm/5,5""";26914.099.001;https://www.polishedbliss.co.uk/products/menzerna-orbital-wool-pad#product.info.description;https://detaildepot.co.nz/products/menzerna-orbital-wool-pad-140mm;https://detailerplace.com/en/product/menzerna-orbital-wool-pad/;https://maazzo.com/products/menzerna-orbital-wool-pad-140mm-5-5-high-performance-polishing-pad-for-dual-action-random-orbital-polishers;https://www.springriver.eu/menzerna-orbital-wool-pad-140-mm.html;